4.268146670551973831e-01,9.430530804536352285e-01,4.888154254183912917e-01,7.582941036067178953e-01,4.424219199080287046e-01,2.750611016034599891e-03,1.400969432662453884e-01,7.552726536802665258e-01,3.135494215929149675e+00
4.398761928564263179e-01,9.430530804536352285e-01,4.888154254183912917e-01,7.582941036067178953e-01,4.646484000766432088e-01,2.750611016034599891e-03,1.082011688019831053e-01,9.111435645650297621e-01,3.109060958860994095e+00
8.291226418557927635e-01,3.380810071606720757e-01,3.628998759436684041e-01,3.523017439308809839e-01,3.966277064571759881e-01,3.064270013471743770e-01,5.360370560868708001e-01,1.000000000000000000e+00,2.862200880929469005e+00
4.490081368262905936e-01,7.636476368187115060e-01,1.000000000000000000e+00,2.909011992667377977e-01,4.920482851120904777e-01,4.979584589788617066e-01,7.823534142365330679e-02,9.699740454413712243e-01,2.890371757896164517e+00
3.957683234310196974e-01,7.162999582235166640e-01,4.930400112801168744e-01,8.548020844600644486e-01,4.426135274956891075e-01,9.366828890747304071e-01,3.049858549626232040e-01,4.871238660848024038e-01,3.072693314690119415e+00
1.545663188879800864e-01,2.750070474998697057e-01,1.732195793547456897e-01,6.153361497646752110e-01,7.100977198697072668e-01,1.735913186400820929e-01,4.137602418191362874e-01,5.604882918450642126e-01,3.532225644068560211e+00
4.662301941277574024e-01,3.380810071606720757e-01,3.628998759436684041e-01,3.523017439308809839e-01,4.460624640735775803e-01,3.064270013471743770e-01,4.777264681221370934e-01,4.560508816520699171e-01,3.122364924487357030e+00
3.335064484911571814e-01,1.105364761496654968e-01,1.679446373140714988e-01,6.548645139513123992e-01,4.985629430925467842e-01,2.263202621533310921e-01,2.804654182205905122e-01,7.543921562218163235e-01,3.109060958860994095e+00
5.110814690525901094e-01,3.494491576512669950e-01,3.948596173412133870e-01,9.211445792887603679e-01,4.763364629239320025e-01,2.974938765771666938e-01,3.804845139807460086e-01,9.143004477522124196e-01,2.760009940032920994e+00
3.187979939908173188e-01,2.657035926097782164e-01,3.231150098378045010e-01,5.951582678270445070e-01,4.838091588426906009e-01,2.974938765771666938e-01,2.973037943057458277e-01,6.812257436598447846e-01,3.218875824868201008e+00
1.155080524729082958e-01,8.154162899817860022e-02,3.948596173412133870e-01,3.642743855969572953e-01,5.775052692086609651e-01,2.726386878908909073e-01,3.433635229016087087e-01,7.151084285712795419e-01,3.218875824868201008e+00
2.980813529329945921e-01,1.340992190230891057e-01,3.808350173147959788e-02,4.566384037456167055e-01,4.265184901322094935e-01,3.631817796444081203e-01,5.831891392675772057e-01,3.678432139026682757e-01,3.015534900850170619e+00
1.419062585997407089e-01,1.360455195420736951e-01,2.797586406434227069e-01,6.352357072023799844e-01,6.740754933895386491e-01,2.121297047182318096e-01,2.717164301345666999e-01,6.959754699964945113e-01,3.391147045808653893e+00
7.675847490526014338e-01,9.430530804536352285e-01,4.888154254183912917e-01,7.582941036067178953e-01,3.931787698792875152e-01,2.750611016034599891e-03,7.920494470326409908e-02,9.669367916019170339e-01,2.815408719422709094e+00
7.688389009638180172e-02,2.657035926097782164e-01,3.231150098378045010e-01,5.951582678270445070e-01,8.978731557769691340e-01,2.974938765771666938e-01,2.973037943057458277e-01,7.614211350024333580e-01,3.897924081048644851e+00
6.081585199235498562e-01,7.162999582235166640e-01,7.208459288029290812e-01,8.548020844600644486e-01,3.504502778310021882e-01,9.366828890747304071e-01,7.558425435210709697e-02,9.918049635314579726e-01,2.525728644308256055e+00
2.248527478070518060e-01,3.379820845006519664e-02,8.948699099024569337e-02,7.121976890172639907e-01,6.788656830810503306e-01,7.771266869725659832e-02,7.955875617726837490e-01,6.625739642715789968e-01,3.526360524616161563e+00
5.077021310853139235e-01,7.162999582235166640e-01,4.951476742421079824e-01,8.548020844600644486e-01,3.839816056715849024e-01,9.366828890747304071e-01,1.167742806231387015e-01,7.631730417640260056e-01,2.541601993464545739e+00
5.289721231630672982e-01,5.724405804664836062e-01,4.217012295598546734e-01,4.898052676808158923e-01,4.579421345085267214e-01,2.263202621533310921e-01,2.134433495831944971e-01,9.531894611458073818e-01,3.113515309210374227e+00
6.534608213968740031e-01,3.494491576512669950e-01,3.948596173412133870e-01,9.211445792887603679e-01,4.123395286453345188e-01,2.974938765771666938e-01,3.580850286083742118e-01,9.554897991950358493e-01,2.617395832834079172e+00
2.737509146158018103e-01,2.608063049416766144e-01,1.358834280817730056e-01,4.566384037456167055e-01,5.803793830235680629e-01,3.459553655338117872e-01,4.815676819490730121e-01,4.711352091911247819e-01,3.135494215929149675e+00
6.787231555545023554e-01,7.162999582235166640e-01,7.208459288029290812e-01,8.548020844600644486e-01,3.784249856294311098e-01,9.366828890747304071e-01,5.706564715988259734e-02,1.000000000000000000e+00,2.509599262378372053e+00
5.108001596940134892e-01,7.162999582235166640e-01,7.440724806604661623e-01,8.548020844600644486e-01,5.242383598390497612e-01,9.366828890747304071e-01,1.532011768182429956e-01,9.377594205762014301e-01,2.839078463508614369e+00
1.552864062704807924e-01,7.800251200127310269e-02,4.385428958942749755e-02,3.033921434499347036e-01,6.342211151561606419e-01,4.074461660734193802e-01,6.860170065641836290e-01,5.442780646638051278e-01,3.250374491927571885e+00
4.184407917326766757e-01,3.669567957129079017e-01,3.536369546147005161e-01,9.130166984053600387e-01,4.916650699367697830e-01,4.604324477033721053e-01,1.238878602764575954e-01,8.856366895000690187e-01,3.063390922027805718e+00
2.839933820654949037e-01,7.636476368187115060e-01,5.387118696653991901e-01,2.909011992667377977e-01,4.866832726575974766e-01,4.979584589788617066e-01,1.431553548406092058e-01,9.470372341642123715e-01,3.258096538021482136e+00
3.991159982692203956e-01,2.405970167140384086e-01,1.520030934450498916e-01,5.328739895727021558e-01,4.602414255604523885e-01,1.464860884774840943e-01,6.008860115919285594e-01,5.268527617455610601e-01,3.030133700271323782e+00
1.177264461046140936e-01,8.909634188485800188e-02,2.773113202246795805e-01,6.352357072023799844e-01,6.551063422111519374e-01,1.642554791311109930e-02,2.065996531237271061e-01,6.522117614153382092e-01,3.642835515612529385e+00
2.034279007618262913e-01,6.733276945805939662e-02,8.641475181747310108e-02,2.909011992667377977e-01,4.983713355048863258e-01,3.865371763104387126e-01,5.529497214683645190e-01,4.495375746933953920e-01,3.222867846137738468e+00
5.499330774487499740e-01,7.162999582235166640e-01,5.569869280599707428e-01,8.548020844600644486e-01,5.600689787315581425e-01,9.366828890747304071e-01,1.457564431848289987e-01,9.516538622345823706e-01,2.873564639579783808e+00
5.405934348934431366e-01,8.345763907926283531e-01,5.770246812965158512e-01,9.372642446520371706e-01,3.977773519831387938e-01,5.627667546069599069e-01,1.066169813000972938e-01,9.600795009691776016e-01,2.727852828398389828e+00
1.232575520778430023e-01,2.081241454359586962e-01,1.223114085082448038e-01,5.115003387801352330e-01,5.426326882544550978e-01,2.817265607188499943e-01,6.198727357207646227e-01,7.102595143966569657e-02,3.206803243633931544e+00
2.196984192058916985e-01,4.214352704769944169e-01,4.083428467048355048e-01,6.933386617659479390e-01,5.182985246215753294e-01,2.907575450812907025e-01,2.551250601788098149e-01,8.662061595511674206e-01,3.117949906278240313e+00
3.296838937066836062e-01,2.081241454359586962e-01,1.223114085082448038e-01,5.115003387801352330e-01,5.359264226863386105e-01,2.817265607188499943e-01,6.198727357207646227e-01,5.992540458356377941e-01,3.144152278672263989e+00
2.740824543256119017e-01,2.260517639220435970e-01,5.818107108852919873e-02,5.115003387801352330e-01,5.755891933320563814e-01,2.657850168498285814e-01,6.437390837911539654e-01,2.701978750820228092e-01,3.250374491927571885e+00
2.654375630372510786e-01,1.471860771472741081e-01,2.063133277213060127e-02,4.898052676808158923e-01,4.435715654339913994e-01,3.153051526936272997e-01,7.953909072981809603e-01,2.226046604013234009e-01,3.086486636822455054e+00
6.178560251463349751e-01,7.162999582235166640e-01,5.222707226038711958e-01,8.548020844600644486e-01,5.932170913968196624e-01,9.366828890747304071e-01,5.037480956755290007e-02,1.000000000000000000e+00,2.901421594082749689e+00
8.488429183931129884e-01,7.162999582235166640e-01,7.208459288029290812e-01,8.548020844600644486e-01,3.287986204253691147e-01,9.366828890747304071e-01,3.746225065195039894e-02,9.858155619207048526e-01,2.104134154270207446e+00
4.615800852158740142e-01,3.669567957129079017e-01,3.536369546147005161e-01,9.130166984053600387e-01,5.112090438781379254e-01,4.604324477033721053e-01,1.739351142111009996e-01,9.330980432063386010e-01,3.015534900850170619e+00
3.881309575754179897e-01,2.599141001878921831e-01,6.954093325307679485e-02,7.400318972139895424e-01,3.895382257137385840e-01,3.802049274867220774e-01,5.732090060862257141e-01,4.320236110056203116e-01,2.912350664614939966e+00
1.444471739090162909e-01,0.000000000000000000e+00,7.236697733184030423e-02,5.849625007211561867e-01,5.407166123778505140e-01,3.108729063783665092e-01,7.929153077288529916e-01,4.198582300286888835e-01,3.246490991901174183e+00
2.720920722565552952e-01,8.909634188485800188e-02,2.773113202246795805e-01,6.352357072023799844e-01,4.949223989269977975e-01,1.642554791311109930e-02,1.800663451197254961e-01,6.876973118881599678e-01,3.616308761279101169e+00
5.085477079626348207e-01,8.345763907926283531e-01,5.770246812965158512e-01,9.372642446520371706e-01,4.085073768921250736e-01,5.627667546069599069e-01,8.306446106038960220e-02,9.699740454413712243e-01,2.844909383819407722e+00
1.103184963703447985e-01,2.969196048498288776e-01,1.758498353994177033e-01,6.450834931587268173e-01,6.148687488024527914e-01,1.213951075146536968e-01,5.029582013271648444e-01,0.000000000000000000e+00,3.317815772723105017e+00
2.951440698534414930e-01,2.505124855791212024e-01,1.304699318954087028e-01,7.582941036067178953e-01,5.106342211151565502e-01,3.481199496471346078e-01,7.044784752771527936e-01,8.365606978026427498e-01,3.068052935133616987e+00
3.142915801142535104e-01,7.162999582235166640e-01,3.812491858225605101e-01,8.548020844600644486e-01,5.136999425177238843e-01,9.366828890747304071e-01,2.727708530311155899e-01,7.105759239293267804e-01,3.178053830347945752e+00
2.744139178631729847e-01,2.505124855791212024e-01,1.304699318954087028e-01,7.582941036067178953e-01,5.502969917608740991e-01,3.481199496471346078e-01,6.859109239463715424e-01,5.614954088429535695e-01,3.238678452164380328e+00
4.829622977681619078e-01,7.162999582235166640e-01,4.866984844062900994e-01,8.548020844600644486e-01,4.993293734431886177e-01,9.366828890747304071e-01,2.296675559185936966e-01,8.759541361027297635e-01,3.039749158970765031e+00
3.752084587826204909e-01,7.162999582235166640e-01,8.417164049930836445e-01,8.548020844600644486e-01,4.887909561218626853e-01,9.366828890747304071e-01,1.697397397181774903e-01,8.539278297727306288e-01,3.161246712031564599e+00
5.062917340222669038e-01,7.162999582235166640e-01,7.208459288029290812e-01,8.548020844600644486e-01,4.123395286453345188e-01,9.366828890747304071e-01,1.000913160252780987e-01,9.775393225615564008e-01,2.778819271990416784e+00
3.939390395330767958e-01,7.636476368187115060e-01,1.000000000000000000e+00,2.909011992667377977e-01,3.531327840582488831e-01,4.979584589788617066e-01,5.847826120446059789e-02,1.000000000000000000e+00,3.025291075795535800e+00
2.892515019302405177e-01,4.214352704769944169e-01,4.083428467048355048e-01,6.933386617659479390e-01,4.619658938493967915e-01,2.907575450812907025e-01,2.373832674410653043e-01,8.156091962569471665e-01,3.058707072715380004e+00
2.997105965176530828e-01,7.162999582235166640e-01,7.440724806604661623e-01,8.548020844600644486e-01,5.656255987737116575e-01,9.366828890747304071e-01,2.034791539421970941e-01,9.229464259307141871e-01,3.054001181677966859e+00
7.560005725975667001e-01,7.162999582235166640e-01,7.081826935371767773e-01,8.548020844600644486e-01,4.648400076643038892e-01,9.366828890747304071e-01,5.812523734342729675e-02,1.000000000000000000e+00,1.887069649032379948e+00
2.547260889340455803e-01,7.496205768122199409e-02,2.375788251511238014e-01,6.933386617659479390e-01,5.853611803027402027e-01,9.328147130573970214e-02,2.668692273023087758e-01,6.493727410680999457e-01,3.380994674344635964e+00
2.800371774632332000e-01,5.724405804664836062e-01,4.217012295598546734e-01,4.898052676808158923e-01,5.903429775819125647e-01,2.263202621533310921e-01,2.724339562994719799e-01,8.848322874491824086e-01,3.391147045808653893e+00
4.051828492655433767e-01,2.990926660241828849e-01,2.172945536967690883e-01,7.121976890172639907e-01,4.520022992910520121e-01,9.586001540751609706e-02,3.254028113959350765e-01,6.812257436598447846e-01,3.077312260546413825e+00
4.070879294584649893e-02,1.321502892557281095e-01,1.623851119721708980e-01,3.157758679057672269e-01,7.825253880053651967e-01,7.771266869725659832e-02,4.550174648977418079e-01,5.675233913211056302e-01,3.850147601710057543e+00
1.770781781489829121e-01,1.375035237499347973e-01,1.466498589508430928e-01,3.523017439308809839e-01,6.171680398543785140e-01,4.881774381862764023e-01,3.118342379682748078e-01,4.786186385573448776e-01,3.496507561466479785e+00
4.151377107914662190e-01,8.909634188485800188e-02,2.773113202246795805e-01,6.352357072023799844e-01,3.914543015903432233e-01,1.642554791311109930e-02,2.245643974539741072e-01,9.221625655251828313e-01,3.310543013394025014e+00
3.988119849837440944e-01,3.669567957129079017e-01,3.536369546147005161e-01,9.130166984053600387e-01,4.935811458133744223e-01,4.604324477033721053e-01,1.935375018333496122e-01,9.032210018717228284e-01,3.010620886047741696e+00
5.877657952287702603e-01,7.162999582235166640e-01,5.222707226038711958e-01,8.548020844600644486e-01,3.054224947307915272e-01,9.366828890747304071e-01,5.820089258611470251e-02,1.000000000000000000e+00,2.850706501503733392e+00
6.834733904633136792e-01,7.162999582235166640e-01,7.911494866493632427e-01,8.548020844600644486e-01,4.393561985054610930e-01,9.366828890747304071e-01,9.630170299213319796e-02,9.745179705863191710e-01,2.468099531471619201e+00
1.848574349633186897e-01,1.630215716895138944e-01,6.220819562818558079e-01,6.012099243757090122e-02,6.286644951140069049e-01,1.977981791737349893e-01,1.103674693471752982e-01,1.000000000000000000e+00,3.437207819185188473e+00
2.172867493222138124e-01,2.594677908136014954e-01,1.490612728966033973e-01,5.434432312828890721e-01,4.732707415213645019e-01,2.907575450812907025e-01,5.857455886150336744e-01,2.751175560331697856e-01,3.015534900850170619e+00
1.795579492410862010e-01,2.201006098284583046e-01,3.419740370891206083e-01,8.548020844600644486e-01,5.267292584786359422e-01,9.843395907134250278e-02,5.697106409448965403e-01,4.506251699510011033e-01,3.077312260546413825e+00
3.436506874536265910e-01,7.162999582235166640e-01,5.569869280599707428e-01,8.548020844600644486e-01,6.551063422111519374e-01,9.366828890747304071e-01,1.725147146694311906e-01,7.366684070107853977e-01,3.427514689979529017e+00
5.408689950205132213e-01,3.494491576512669950e-01,3.948596173412133870e-01,9.211445792887603679e-01,4.100402375934087962e-01,2.974938765771666938e-01,3.116861651068471017e-01,9.623688879202028090e-01,2.646174797384122535e+00
6.238515141147510379e-01,7.636476368187115060e-01,1.000000000000000000e+00,2.909011992667377977e-01,3.901130484767200146e-01,4.979584589788617066e-01,5.014659722395670149e-02,9.616061625305691862e-01,2.797281334830152844e+00
2.002912271339095107e-01,1.277555471983727042e-01,2.070444570030119114e-01,5.434432312828890721e-01,5.311362329948269290e-01,5.496597659654831602e-01,4.552760166871199776e-01,1.982060319208394927e-01,3.161246712031564599e+00
5.507542680833241722e-01,7.162999582235166640e-01,7.440724806604661623e-01,8.548020844600644486e-01,6.068212301207130954e-01,9.366828890747304071e-01,1.682217400854837952e-01,9.554897991950358493e-01,2.766319109226186068e+00
5.211722468276943632e-01,7.162999582235166640e-01,4.951476742421079824e-01,8.548020844600644486e-01,5.340103468097340267e-01,9.366828890747304071e-01,1.154661091196733935e-01,8.928561960131491393e-01,2.740840023925200875e+00
1.520431788854018085e-01,4.214352704769944169e-01,4.083428467048355048e-01,6.933386617659479390e-01,4.907070319984673246e-01,2.907575450812907025e-01,1.849711150491324951e-01,5.982729543045343101e-01,3.139832617527747782e+00
7.914044701616927968e-01,7.162999582235166640e-01,7.208459288029290812e-01,8.548020844600644486e-01,2.090438781375744126e-01,9.366828890747304071e-01,4.270997561869580017e-02,1.000000000000000000e+00,2.442347035369204278e+00
4.460060820284449806e-02,6.733276945805939662e-02,8.641475181747310108e-02,2.909011992667377977e-01,7.758191224372489314e-01,3.865371763104387126e-01,5.529497214683645190e-01,1.786481855300388055e-01,3.768152635008444218e+00
2.727558381025816936e-01,4.487052120442387992e-01,2.797586406434227069e-01,7.121976890172639907e-01,5.022034872580957154e-01,2.286718438327290104e-01,3.283229616709347765e-01,4.924142828708982234e-01,3.258096538021482136e+00
1.092040157889360985e-01,2.542259687990679889e-02,5.246741989413560014e-02,6.450834931587268173e-01,7.066487832918185719e-01,1.035681105427792015e-01,7.552234410852544100e-01,2.578247714463742235e-01,3.594568774642695086e+00
2.644367339711761744e-01,2.173456216439217936e-01,1.889296624434073923e-01,8.117333625681784071e-01,4.533435524046754983e-01,2.450264566830311075e-01,6.110038125948280552e-01,5.422389193902066307e-01,3.025291075795535800e+00
3.649732365881654950e-01,5.338401773510974557e-01,1.466498589508430928e-01,7.215355535966000433e-01,5.117838666411193005e-01,4.881774381862764023e-01,4.359489918484878990e-01,6.070788516798754086e-01,3.100092288878233848e+00
4.039715183456065173e-01,4.258173380320864898e-01,4.150374992788438133e-01,6.352357072023799844e-01,4.157884652232229916e-01,5.534167864243760837e-01,1.986370094499080030e-01,7.151084285712795419e-01,3.010620886047741696e+00
4.187406971574941239e-01,4.130323633884668832e-01,4.972522625670312002e-01,7.673392432097247973e-01,4.278597432458327021e-01,4.743716386612458757e-01,2.138282644941779942e-01,7.631730417640260056e-01,2.960105095910840145e+00
7.155326102503389851e-02,1.001055145935313001e-01,8.948699099024569337e-02,2.909011992667377977e-01,8.223797662387432039e-01,9.843395907134250278e-02,4.459966587218032741e-01,3.918220768371081797e-01,3.901972669574644836e+00
1.284008553538026065e-01,7.496205768122199409e-02,2.018919692374092079e-01,7.215355535966000433e-01,6.871048093504507071e-01,9.328147130573970214e-02,5.342342136350906046e-01,6.119478912016109717e-01,3.616308761279101169e+00
2.493403802403166003e-01,2.549970867683755138e-01,3.040061868901000053e-01,7.673392432097247973e-01,4.385897681548190929e-01,2.333635391574510887e-01,3.271514249913471950e-01,4.828775199996617751e-01,3.091042453358316067e+00
1.353518528948861044e-01,4.572927078809624901e-01,8.081204558809709781e-02,7.673392432097247973e-01,4.797853995018204754e-01,2.930064855848527050e-01,4.622203990621582825e-01,7.102595143966569657e-02,3.169685580677429115e+00
8.673167605272899539e-02,1.105364761496654968e-01,1.679446373140714988e-01,6.548645139513123992e-01,8.637670051734055443e-01,2.263202621533310921e-01,2.804654182205905122e-01,8.096878362667704332e-01,3.681351187693144844e+00
6.658946433254776531e-01,4.487052120442387992e-01,2.797586406434227069e-01,7.121976890172639907e-01,3.416363287986207142e-01,2.286718438327290104e-01,3.209431632052353045e-01,1.000000000000000000e+00,3.044522437723423014e+00
8.748699222084505012e-01,7.162999582235166640e-01,7.208459288029290812e-01,8.548020844600644486e-01,2.757233186434184802e-01,9.366828890747304071e-01,4.922069913040780231e-02,9.198084256921571500e-01,2.128231705849267907e+00
2.079466456996447998e-01,8.909634188485800188e-02,2.773113202246795805e-01,6.352357072023799844e-01,8.055182985246217564e-01,1.642554791311109930e-02,1.965535461718886934e-01,8.702758238602142926e-01,3.708682081410116016e+00
8.091290677586070457e-01,7.162999582235166640e-01,6.825178101438298395e-01,8.548020844600644486e-01,5.504885993485345574e-01,9.366828890747304071e-01,8.880358470368540647e-02,1.000000000000000000e+00,2.104134154270207446e+00
1.887313895551243903e-01,7.162999582235166640e-01,3.812491858225605101e-01,8.548020844600644486e-01,6.706265568116501763e-01,9.366828890747304071e-01,2.712922695999290812e-01,8.181395009819546482e-01,3.258096538021482136e+00
3.624809966405682093e-01,8.345763907926283531e-01,5.770246812965158512e-01,9.372642446520371706e-01,5.297949798812034983e-01,5.627667546069599069e-01,1.416805104450354902e-01,9.828115107761880020e-01,3.025291075795535800e+00
2.286209193544058993e-01,6.131823743686144468e-01,2.172945536967690883e-01,6.742298388182433877e-01,5.520214600498182245e-01,2.121297047182318096e-01,2.987986602988718099e-01,6.061030687269586270e-01,3.173878458937465119e+00
1.950482351458532049e-01,2.750070474998697057e-01,1.732195793547456897e-01,6.153361497646752110e-01,5.596857635562372257e-01,1.735913186400820929e-01,3.485589307892025812e-01,3.793114383683600099e-01,3.404525171754829937e+00
2.754078517921793035e-01,2.969196048498288776e-01,1.758498353994177033e-01,6.450834931587268173e-01,4.805518298524623089e-01,1.213951075146536968e-01,5.029582013271648444e-01,4.668414707809913078e-01,3.100092288878233848e+00
1.239934332674214046e-01,7.496205768122199409e-02,2.018919692374092079e-01,7.215355535966000433e-01,5.497221689978925019e-01,9.328147130573970214e-02,5.342342136350906046e-01,6.550452059416124184e-01,3.391147045808653893e+00
4.654258593703020086e-02,1.630215716895138944e-01,4.760669326764032094e-01,6.012099243757090122e-02,7.489940601647825380e-01,1.977981791737349893e-01,2.114832196823646926e-01,5.963087674240205027e-01,3.795489189172194244e+00
4.286027627696011866e-01,7.636476368187115060e-01,5.387118696653991901e-01,2.909011992667377977e-01,4.433799578463309965e-01,4.979584589788617066e-01,1.599968270890393951e-01,9.593155639426488301e-01,2.912350664614939966e+00
5.200545283593224211e-01,4.130323633884668832e-01,4.972522625670312002e-01,7.673392432097247973e-01,4.041004023759343089e-01,4.743716386612458757e-01,2.031370831312220016e-01,3.411151148074099138e-01,3.182211840496609323e+00
3.813764674975202995e-01,7.162999582235166640e-01,3.812491858225605101e-01,8.548020844600644486e-01,5.112090438781379254e-01,9.366828890747304071e-01,2.370268649402297034e-01,9.292020239850036223e-01,3.025291075795535800e+00
4.699974023608307072e-01,5.735181567950986548e-01,1.466498589508430928e-01,4.454111483223625045e-01,4.270933128951909241e-01,2.565958453951679985e-01,5.574169646750766205e-01,6.484251580843531926e-01,3.058707072715380004e+00
3.853715782690089187e-01,2.990926660241828849e-01,2.172945536967690883e-01,7.121976890172639907e-01,4.397394136807820098e-01,9.586001540751609706e-02,3.780217669281374926e-01,4.892423613860171772e-01,3.095577608523707447e+00
1.946980239435291971e-01,1.539254055760785056e-01,2.674803108649858041e-01,6.153361497646752110e-01,6.006897873155779832e-01,4.321434032719485008e-01,5.039953786269845137e-01,6.331785692527359677e-01,3.214867803470661922e+00
4.504756326713548198e-01,7.162999582235166640e-01,7.440724806604661623e-01,8.548020844600644486e-01,5.071852845372680774e-01,9.366828890747304071e-01,1.358615971837869030e-01,9.623688879202028090e-01,2.541601993464545739e+00
2.767320327395610957e-01,1.630215716895138944e-01,6.220819562818558079e-01,6.012099243757090122e-02,6.978348342594370424e-01,1.977981791737349893e-01,1.226464174862502976e-01,8.580322281054673095e-01,3.549617386780428596e+00
1.269332102212412106e-01,2.048826530479986030e-01,1.168466480314337003e-01,7.491918964994656038e-01,6.066296225330526370e-01,2.380400263669242011e-01,4.729861922924488149e-01,3.952153242835315106e-01,3.367295829986474143e+00
1.760141129200049059e-01,1.105364761496654968e-01,1.679446373140714988e-01,6.548645139513123992e-01,5.870856485916845502e-01,2.263202621533310921e-01,2.804654182205905122e-01,6.465281229117555428e-01,3.380994674344635964e+00
4.932509747877734108e-01,7.636476368187115060e-01,1.000000000000000000e+00,2.909011992667377977e-01,3.960528836941943909e-01,4.979584589788617066e-01,4.899230413665019851e-02,1.000000000000000000e+00,2.809402695362497315e+00
1.735282377729656933e-01,2.990926660241828849e-01,2.172945536967690883e-01,7.121976890172639907e-01,7.913393370377471703e-01,9.586001540751609706e-02,3.716942579654115009e-01,5.884251683481872552e-01,3.589059118831725570e+00
5.510278944551048053e-01,3.494491576512669950e-01,3.948596173412133870e-01,9.211445792887603679e-01,4.945391837516768807e-01,2.974938765771666938e-01,3.316128172471832780e-01,9.369835695002891596e-01,2.785011242238338180e+00
2.378285539900371059e-01,2.405970167140384086e-01,1.520030934450498916e-01,5.328739895727021558e-01,4.669476911285688758e-01,1.464860884774840943e-01,6.008860115919285594e-01,2.515981970814865076e-01,3.194583132299155803e+00
1.110610054144696018e-01,2.608063049416766144e-01,1.358834280817730056e-01,4.566384037456167055e-01,6.554895573864728542e-01,3.459553655338117872e-01,4.815676819490730121e-01,2.046668355572016929e-01,3.529297384289471040e+00
3.049118461022624071e-01,1.630215716895138944e-01,6.220819562818558079e-01,6.012099243757090122e-02,3.830235677332823885e-01,1.977981791737349893e-01,1.074214785006520068e-01,6.932213583597970352e-01,3.169685580677429115e+00
7.704075675776096421e-01,7.162999582235166640e-01,7.081826935371767773e-01,8.548020844600644486e-01,3.774669476911285959e-01,9.366828890747304071e-01,6.046870700098740115e-02,8.872441493219547226e-01,2.251291798606495753e+00
4.892585368628247222e-01,3.494491576512669950e-01,3.948596173412133870e-01,9.211445792887603679e-01,3.904962636520408759e-01,2.974938765771666938e-01,3.806055242942457117e-01,8.896519858322899932e-01,2.701361212951413293e+00
3.936339332528048796e-01,3.380810071606720757e-01,3.628998759436684041e-01,3.523017439308809839e-01,4.690553745928341955e-01,3.064270013471743770e-01,5.490698807816898341e-01,8.670210113327220247e-01,2.990719731730446806e+00
7.325493821607397260e-01,7.162999582235166640e-01,6.825178101438298395e-01,8.548020844600644486e-01,6.171680398543785140e-01,9.366828890747304071e-01,8.692604029149950118e-02,9.299820699844821847e-01,2.140066163496270768e+00
1.950962724001410048e-02,2.657035926097782164e-01,3.231150098378045010e-01,5.951582678270445070e-01,9.151178386664111652e-01,2.974938765771666938e-01,3.170915402178116071e-01,7.866178948133046855e-01,3.754198920234578907e+00
2.954707301154255727e-01,4.258173380320864898e-01,4.150374992788438133e-01,6.352357072023799844e-01,6.043303314811269145e-01,5.534167864243760837e-01,1.892606665828314993e-01,8.563918697242116629e-01,3.169685580677429115e+00
1.199414338082177012e-01,1.375035237499347973e-01,1.466498589508430928e-01,3.523017439308809839e-01,6.495497221689982004e-01,4.881774381862764023e-01,5.716022249990300175e-01,2.528456636882975839e-01,3.637586159726385659e+00
6.313655964027209411e-02,2.505124855791212024e-01,1.304699318954087028e-01,7.582941036067178953e-01,5.512550296991763910e-01,3.481199496471346078e-01,6.504037046662369814e-01,8.650113194891609347e-02,3.250374491927571885e+00
7.529115430831451183e-01,7.162999582235166640e-01,6.825178101438298395e-01,8.548020844600644486e-01,3.339720252922018795e-01,9.366828890747304071e-01,6.550811309270850036e-02,9.166635851206932362e-01,2.433613355400449763e+00
5.065739237622157720e-01,7.162999582235166640e-01,7.081826935371767773e-01,8.548020844600644486e-01,5.575780800919719615e-01,9.366828890747304071e-01,7.528523470423860442e-02,9.910576467362504083e-01,2.646174797384122535e+00
5.328563044655220127e-01,1.000000000000000000e+00,5.468627107862634729e-01,8.462905846045470915e-01,3.627131634412724126e-01,1.000000000000000000e+00,8.709907421335699729e-02,9.447233683259655956e-01,2.785011242238338180e+00
3.328700589612577088e-01,7.636476368187115060e-01,5.387118696653991901e-01,2.909011992667377977e-01,5.443571565433994452e-01,4.979584589788617066e-01,1.406686567123174025e-01,9.638931300491927479e-01,3.148453360571655146e+00
3.668395952454642783e-01,2.081241454359586962e-01,1.223114085082448038e-01,5.115003387801352330e-01,4.855336271316347263e-01,2.817265607188499943e-01,5.588524778112002878e-01,7.142030661061175012e-01,3.049273040482020747e+00
3.455448168822359833e-01,4.214352704769944169e-01,4.083428467048355048e-01,6.933386617659479390e-01,4.717378808200806128e-01,2.907575450812907025e-01,2.071683597854943049e-01,9.268593522265820006e-01,3.015534900850170619e+00
4.809531727471018092e-01,7.162999582235166640e-01,7.440724806604661623e-01,8.548020844600644486e-01,5.508718145238554742e-01,9.366828890747304071e-01,1.470018790639948114e-01,9.071877215576461539e-01,2.727852828398389828e+00
2.381684515156732018e-01,1.876270031757713008e-01,1.784753048062409919e-01,7.027989910150144182e-01,4.905154244108070882e-01,1.564015573425668881e-01,3.074915114114439851e-01,6.370053487932488823e-01,3.144152278672263989e+00
4.157388337338667750e-01,7.162999582235166640e-01,7.529071380352275744e-01,8.548020844600644486e-01,2.686338378999810761e-01,9.366828890747304071e-01,7.859591105572999448e-02,9.346535097083800148e-01,3.131136910560194053e+00
3.370015818931201834e-01,7.162999582235166640e-01,4.930400112801168744e-01,8.548020844600644486e-01,4.491281854761451919e-01,9.366828890747304071e-01,2.429184642584120979e-01,6.021933236758774122e-01,3.072693314690119415e+00
4.685496400307156972e-01,7.636476368187115060e-01,1.000000000000000000e+00,2.909011992667377977e-01,4.115730982946926853e-01,4.979584589788617066e-01,6.245641041854520237e-02,9.888133708765287633e-01,3.015534900850170619e+00
5.200545283593224211e-01,7.162999582235166640e-01,8.417164049930836445e-01,8.548020844600644486e-01,5.079517148879099109e-01,9.366828890747304071e-01,1.238637647585212054e-01,9.805543603169879496e-01,2.933856869835903769e+00
3.936339332528048796e-01,7.162999582235166640e-01,8.417164049930836445e-01,8.548020844600644486e-01,5.430159034297760146e-01,9.366828890747304071e-01,1.692845075145024969e-01,9.315408978410439911e-01,3.122364924487357030e+00
4.915412826569449112e-01,7.162999582235166640e-01,7.911494866493632427e-01,8.548020844600644486e-01,5.092929680015331195e-01,9.366828890747304071e-01,1.096497862530770029e-01,1.000000000000000000e+00,2.965273066069282315e+00
2.248527478070518060e-01,6.120015643673740180e-02,8.081204558809709781e-02,1.000000000000000000e+00,4.027591492623111002e-01,3.567459546627331779e-01,8.951423950957021480e-01,2.578247714463742235e-01,2.954910279033736042e+00
4.265164355211351066e-01,7.162999582235166640e-01,4.866984844062900994e-01,8.548020844600644486e-01,5.510634221115159326e-01,9.366828890747304071e-01,2.142583420173777009e-01,8.011863677007573514e-01,3.186352633162640835e+00
9.576266041516960648e-02,3.848820910128530198e-02,5.246741989413560014e-02,5.539356051005316361e-01,6.848055182985249845e-01,4.960075526087006081e-01,6.717154863349705796e-01,1.548233223154578952e-01,3.523415014386404476e+00
6.121680547690649954e-02,2.505124855791212024e-01,1.304699318954087028e-01,7.582941036067178953e-01,9.001724468288950787e-01,3.481199496471346078e-01,7.714725562879529708e-01,7.948753018786179625e-02,3.779633817382400895e+00
2.265667732443663041e-01,2.599141001878921831e-01,6.954093325307679485e-02,7.400318972139895424e-01,4.439547806093123161e-01,3.802049274867220774e-01,5.732090060862257141e-01,2.515981970814865076e-01,3.135494215929149675e+00
3.461756411340395911e-01,3.172182983169509751e-01,2.895066171949848832e-01,8.029631529404464008e-01,4.113814907070322269e-01,2.519792173247979994e-01,4.072315507815573166e-01,7.952053906500283764e-01,2.970414465569700901e+00
4.357330657890007841e-01,3.494491576512669950e-01,3.948596173412133870e-01,9.211445792887603679e-01,4.654148304272852088e-01,2.974938765771666938e-01,3.606331377913895020e-01,8.572122820527686704e-01,2.917770732084278951e+00
2.777243714517722006e-01,1.876270031757713008e-01,1.784753048062409919e-01,7.027989910150144182e-01,5.418662579038132643e-01,1.564015573425668881e-01,4.129913722264063058e-01,5.503782642002230663e-01,3.214867803470661922e+00
8.300248901909463850e-01,7.162999582235166640e-01,7.081826935371767773e-01,8.548020844600644486e-01,4.389729833301401762e-01,9.366828890747304071e-01,4.693512047126029846e-02,8.248653641702679007e-01,1.987874348154345272e+00
9.268220018431722051e-01,8.345763907926283531e-01,5.770246812965158512e-01,9.372642446520371706e-01,2.793638628089674114e-01,5.627667546069599069e-01,3.916250950883950338e-02,1.000000000000000000e+00,2.734367509419584064e+00
5.253559956491886673e-01,7.162999582235166640e-01,7.911494866493632427e-01,8.548020844600644486e-01,5.326690936961105960e-01,9.366828890747304071e-01,1.178030265275591959e-01,9.730049184907495485e-01,2.766319109226186068e+00
4.312807578394703967e-01,7.162999582235166640e-01,6.825178101438298395e-01,8.548020844600644486e-01,5.060356390113051051e-01,9.366828890747304071e-01,9.228046503700690351e-02,8.323946682230894956e-01,2.476538400117484162e+00
1.495156184125329968e-01,1.630215716895138944e-01,6.220819562818558079e-01,6.012099243757090122e-02,9.268059015137000145e-01,1.977981791737349893e-01,1.437615067641885014e-01,9.354306145162285535e-01,3.908014984030607319e+00
6.906937275958492384e-01,7.162999582235166640e-01,6.825178101438298395e-01,8.548020844600644486e-01,5.401417896148691389e-01,9.366828890747304071e-01,1.051897237012973940e-01,9.669367916019170339e-01,2.351375257163477617e+00
1.656874845557824993e-01,2.657035926097782164e-01,3.159788285561758725e-01,5.951582678270445070e-01,6.901705307530182631e-01,2.974938765771666938e-01,2.499346914566225875e-01,8.423730022319089183e-01,3.484312288372661826e+00
6.409189066951715974e-01,7.162999582235166640e-01,7.911494866493632427e-01,8.548020844600644486e-01,4.324583253496839808e-01,9.366828890747304071e-01,9.268678690696599554e-02,9.424057854325663675e-01,2.442347035369204278e+00
2.604264602537649798e-01,5.338401773510974557e-01,1.466498589508430928e-01,7.215355535966000433e-01,4.431883502586704826e-01,4.881774381862764023e-01,3.854376325553408034e-01,4.298193400788902774e-01,3.058707072715380004e+00
4.832490873607748760e-01,3.494491576512669950e-01,3.948596173412133870e-01,9.211445792887603679e-01,4.527687296416941232e-01,2.974938765771666938e-01,3.750487632263826976e-01,9.554897991950358493e-01,2.809402695362497315e+00
1.039916925521136015e-01,1.340992190230891057e-01,3.808350173147959788e-02,4.566384037456167055e-01,5.228971067254265526e-01,3.631817796444081203e-01,5.831891392675772057e-01,2.059555315257741992e-01,3.198673117550681066e+00
3.049118461022624071e-01,4.258173380320864898e-01,4.150374992788438133e-01,6.352357072023799844e-01,5.159992335696496069e-01,5.534167864243760837e-01,1.399539794977903984e-01,8.775724145011125632e-01,2.970414465569700901e+00
2.836641123982230894e-01,2.201006098284583046e-01,3.419740370891206083e-01,8.548020844600644486e-01,4.422303123203680242e-01,9.843395907134250278e-02,4.568550493829459103e-01,5.330269296890962627e-01,3.020424886144362553e+00
1.681868949782870937e-01,7.636476368187115060e-01,5.387118696653991901e-01,2.909011992667377977e-01,4.799770070894809892e-01,4.979584589788617066e-01,7.921737128472269851e-02,1.000000000000000000e+00,3.230804395733474443e+00
1.151379883331623971e-01,7.800251200127310269e-02,4.385428958942749755e-02,3.033921434499347036e-01,5.334355240467524295e-01,4.074461660734193802e-01,6.860170065641836290e-01,2.352822027952859996e-01,3.157000421150113034e+00
1.047374641070450974e-01,1.375035237499347973e-01,1.466498589508430928e-01,3.523017439308809839e-01,6.089289135849783596e-01,4.881774381862764023e-01,5.716022249990300175e-01,3.643848941302570976e-01,3.449987545831587177e+00
3.899676160550351045e-01,8.909634188485800188e-02,2.773113202246795805e-01,6.352357072023799844e-01,4.966468672159419784e-01,1.642554791311109930e-02,2.569828789851956730e-01,7.473287636992475003e-01,3.421000008958335226e+00
6.704353903395288139e-01,7.162999582235166640e-01,7.911494866493632427e-01,8.548020844600644486e-01,5.878520789423263837e-01,9.366828890747304071e-01,1.241649298114246985e-01,9.593155639426488301e-01,2.667228206581954808e+00
6.882080360076644476e-01,7.162999582235166640e-01,7.911494866493632427e-01,8.548020844600644486e-01,5.552787890400462389e-01,9.366828890747304071e-01,1.075920717639609059e-01,9.608430336892428425e-01,2.549445170925571436e+00
3.075054558630621049e-01,1.829276666399504980e-01,1.599958841985806013e-01,7.308133671846109847e-01,4.700134125311364874e-01,3.949371711668410168e-01,7.010989940404740439e-01,5.554421340565712795e-01,2.917770732084278951e+00
2.806972987471770820e-01,2.657035926097782164e-01,3.231150098378045010e-01,5.951582678270445070e-01,6.495497221689982004e-01,2.974938765771666938e-01,2.103149398777212908e-01,9.119334332082964512e-01,3.321432413193292632e+00
7.111613281111217599e-01,7.162999582235166640e-01,5.569869280599707428e-01,8.548020844600644486e-01,3.339720252922018795e-01,9.366828890747304071e-01,1.212711467914888985e-01,9.798011913931270467e-01,2.564949357461536739e+00
8.205230224237914927e-01,4.487052120442387992e-01,2.797586406434227069e-01,7.121976890172639907e-01,3.546656447595327166e-01,2.286718438327290104e-01,2.904073900397312058e-01,9.904032760926219370e-02,3.206803243633931544e+00
6.911903523996824061e-01,7.162999582235166640e-01,4.951476742421079824e-01,8.548020844600644486e-01,4.983713355048863258e-01,9.366828890747304071e-01,1.339247083192436072e-01,9.805543603169879496e-01,2.660259537265861063e+00
9.343930136020633936e-01,7.162999582235166640e-01,6.620272843560455200e-01,8.548020844600644486e-01,2.577122054033340048e-01,9.366828890747304071e-01,4.875346934971799655e-03,1.000000000000000000e+00,2.694627180770068797e+00
1.411794600751054007e-01,8.909634188485800188e-02,2.773113202246795805e-01,6.352357072023799844e-01,5.752059781567352426e-01,1.642554791311109930e-02,2.086459487850211014e-01,9.669367916019170339e-01,3.511545438831020771e+00
5.155749748566033075e-01,7.162999582235166640e-01,7.440724806604661623e-01,8.548020844600644486e-01,6.108449894615829434e-01,9.366828890747304071e-01,1.479263645065609090e-01,9.439512542904695547e-01,2.667228206581954808e+00
3.646619419400942141e-01,3.669567957129079017e-01,3.536369546147005161e-01,9.130166984053600387e-01,4.993293734431886177e-01,4.604324477033721053e-01,1.594209689441127009e-01,9.237298606721433547e-01,3.049273040482020747e+00
6.570242901409120151e-01,7.162999582235166640e-01,7.529071380352275744e-01,8.548020844600644486e-01,6.252155585361184320e-01,9.366828890747304071e-01,8.377071398771840371e-02,8.139198576085459047e-01,2.240709689275958372e+00
1.371755101227845053e-01,6.120015643673740180e-02,8.081204558809709781e-02,1.000000000000000000e+00,4.550680206936196237e-01,3.567459546627331779e-01,8.951423950957021480e-01,2.276890534730555971e-01,3.072693314690119415e+00
5.020522509806492062e-01,8.345763907926283531e-01,5.770246812965158512e-01,9.372642446520371706e-01,5.315194481701478457e-01,5.627667546069599069e-01,1.224775951908825961e-01,9.865655983508497817e-01,2.949688335052584431e+00
2.816869146823259840e-01,2.201006098284583046e-01,3.419740370891206083e-01,8.548020844600644486e-01,4.644567924889829724e-01,9.843395907134250278e-02,4.162218096910066945e-01,5.237557407904599449e-01,2.995732273553990854e+00
6.721973839784598503e-01,7.162999582235166640e-01,6.450431047251670158e-01,8.548020844600644486e-01,1.105575780800920060e-01,9.366828890747304071e-01,5.385519142639999708e-03,1.000000000000000000e+00,2.557227311367626488e+00
3.306404823421648098e-01,1.630215716895138944e-01,6.220819562818558079e-01,6.012099243757090122e-02,7.215941751293354356e-01,1.977981791737349893e-01,1.186254954067202938e-01,9.585512221812532152e-01,3.465735902799726542e+00
1.656874845557824993e-01,1.715864090926045027e-01,1.250360458447805079e-01,6.450834931587268173e-01,5.662004215366932547e-01,3.928417531646475891e-01,7.426231314035207642e-01,3.281549252010197981e-01,3.182211840496609323e+00
2.072523747329793053e-01,4.572927078809624901e-01,8.081204558809709781e-02,7.673392432097247973e-01,5.142747652807054815e-01,2.930064855848527050e-01,4.622203990621582825e-01,4.821606853157969774e-02,3.194583132299155803e+00
0.000000000000000000e+00,1.135029508909854989e-01,1.223114085082448038e-01,6.838158876474416115e-01,6.635370760682127722e-01,1.687008222930103107e-01,4.730240250390094769e-01,1.799603229928297132e-01,3.580737295494233141e+00
3.752084587826204909e-01,1.829276666399504980e-01,1.599958841985806013e-01,7.308133671846109847e-01,4.477869323625217057e-01,3.949371711668410168e-01,7.010989940404740439e-01,5.933574638904178800e-01,2.901421594082749689e+00
7.483848767029795956e-01,7.162999582235166640e-01,7.911494866493632427e-01,8.548020844600644486e-01,4.964552596282815200e-01,9.366828890747304071e-01,9.858402164735860507e-02,1.000000000000000000e+00,2.272125885509336918e+00
7.025657921847897613e-01,7.162999582235166640e-01,7.208459288029290812e-01,8.548020844600644486e-01,3.753592642268636093e-01,9.366828890747304071e-01,5.108457275340610310e-02,1.000000000000000000e+00,2.587764035227708259e+00
6.879592311366692359e-01,1.000000000000000000e+00,5.468627107862634729e-01,8.462905846045470915e-01,3.550488599348534113e-01,1.000000000000000000e+00,7.898124793195239468e-02,9.873152450504337763e-01,2.079441541679836192e+00
3.742809788143935945e-01,4.214352704769944169e-01,4.083428467048355048e-01,6.933386617659479390e-01,2.705499137765856044e-01,2.907575450812907025e-01,1.709413294471003875e-01,4.429947288266234962e-01,2.839078463508614369e+00
3.091240973891768995e-01,7.162999582235166640e-01,4.930400112801168744e-01,8.548020844600644486e-01,5.271124736539570810e-01,9.366828890747304071e-01,3.331559405589912815e-01,5.894129773843060915e-01,3.100092288878233848e+00
4.728885757550529978e-01,4.214352704769944169e-01,4.083428467048355048e-01,6.933386617659479390e-01,4.255604521939069795e-01,2.907575450812907025e-01,3.373183041764685752e-01,7.727706855366708316e-01,3.034952986707272427e+00
8.446078893532115162e-01,7.162999582235166640e-01,7.208459288029290812e-01,8.548020844600644486e-01,2.527304081241618094e-01,9.366828890747304071e-01,5.821350140752099694e-02,1.000000000000000000e+00,2.415913778301048698e+00
2.500146943637817087e-01,2.599141001878921831e-01,6.954093325307679485e-02,7.400318972139895424e-01,4.452960337229355803e-01,3.802049274867220774e-01,5.732090060862257141e-01,3.895554698651630954e-01,3.086486636822455054e+00
2.062103414331531992e-01,2.048826530479986030e-01,1.168466480314337003e-01,7.491918964994656038e-01,4.993293734431886177e-01,2.380400263669242011e-01,4.729861922924488149e-01,5.371284108904443855e-01,3.173878458937465119e+00
7.471912843118314607e-01,7.162999582235166640e-01,5.222707226038711958e-01,8.548020844600644486e-01,3.939452002299294042e-01,9.366828890747304071e-01,4.111597115094470234e-02,9.843143182463347518e-01,2.901421594082749689e+00
7.781419596460074084e-01,3.494491576512669950e-01,3.948596173412133870e-01,9.211445792887603679e-01,4.577505269208662075e-01,2.974938765771666938e-01,3.329787737913669221e-01,8.596707235012213122e-01,2.653241964607214953e+00
3.797826210878570141e-02,7.496205768122199409e-02,2.018919692374092079e-01,7.215355535966000433e-01,6.585552787890404103e-01,9.328147130573970214e-02,5.342342136350906046e-01,5.278836264131365752e-01,3.538056564379352675e+00
4.363256700449769099e-01,1.668344448461356877e-01,3.302160662129485780e-01,5.115003387801352330e-01,3.853228587852081111e-01,2.726386878908909073e-01,1.798577543266715872e-01,9.119334332082964512e-01,3.182211840496609323e+00
2.320380101060650901e-01,3.494491576512669950e-01,3.948596173412133870e-01,9.211445792887603679e-01,4.575589193332058047e-01,2.974938765771666938e-01,4.058846074596672016e-01,6.840028283304183665e-01,3.063390922027805718e+00
3.433347572999740915e-01,2.657035926097782164e-01,3.159788285561758725e-01,5.951582678270445070e-01,4.636903621383409169e-01,2.974938765771666938e-01,2.993961732669859765e-01,7.411197991287791220e-01,3.230804395733474443e+00
1.784957120786873075e-01,4.572927078809624901e-01,8.081204558809709781e-02,7.673392432097247973e-01,5.472312703583065430e-01,2.930064855848527050e-01,4.622203990621582825e-01,5.395243808072419656e-02,3.226843994517377023e+00
1.051102053675836007e-01,2.090489499810170015e-01,7.518749639421899722e-02,7.673392432097247973e-01,5.880436865299868421e-01,1.514523413708334931e-01,4.458713733278724112e-01,2.763448594171721839e-01,3.363841595118386429e+00
3.921074332258376871e-01,7.162999582235166640e-01,6.374299206152919117e-01,8.548020844600644486e-01,5.073768921249283137e-01,9.366828890747304071e-01,2.218090477546235950e-01,7.169174508031534998e-01,3.109060958860994095e+00
5.074201619569094213e-01,7.162999582235166640e-01,6.374299206152919117e-01,8.548020844600644486e-01,4.581337420961871798e-01,9.366828890747304071e-01,2.114265289131219971e-01,8.816101866327159531e-01,2.995732273553990854e+00
5.331333462409080237e-01,1.000000000000000000e+00,5.468627107862634729e-01,8.462905846045470915e-01,4.640735773136617781e-01,1.000000000000000000e+00,9.292067790061279975e-02,9.910576467362504083e-01,2.681021528714290891e+00
1.524038977373594894e-01,6.631247589298210066e-02,1.412766868519914898e-01,5.539356051005316361e-01,5.890017244682891340e-01,2.357036776119675880e-01,7.275352343125383037e-01,3.516329867214093019e-01,3.238678452164380328e+00
4.866861230325960075e-01,7.162999582235166640e-01,7.440724806604661623e-01,8.548020844600644486e-01,6.016478252538802751e-01,9.366828890747304071e-01,1.800199942164142919e-01,9.237298606721433547e-01,2.856470206220483199e+00
2.013375429352818879e-01,2.081241454359586962e-01,1.223114085082448038e-01,5.115003387801352330e-01,5.834451044261356190e-01,2.817265607188499943e-01,5.457642421626777152e-01,4.903004436049802073e-01,3.190476350346502787e+00
6.631126904168637148e-01,7.162999582235166640e-01,7.081826935371767773e-01,8.548020844600644486e-01,4.065913010155203233e-01,9.366828890747304071e-01,3.737270781250749685e-02,1.000000000000000000e+00,1.791759469228054957e+00
5.325792094793847520e-01,7.162999582235166640e-01,7.911494866493632427e-01,8.548020844600644486e-01,5.556620042153673777e-01,9.366828890747304071e-01,1.093820841985349013e-01,9.493473948514131733e-01,2.360854001118021017e+00
2.429186276256098953e-01,5.735181567950986548e-01,1.466498589508430928e-01,4.454111483223625045e-01,4.916650699367697830e-01,2.565958453951679985e-01,4.826015553230763033e-01,2.136636266610373036e-01,3.214867803470661922e+00
1.342565510271001017e-01,4.108719204319929985e-02,1.599958841985806013e-01,3.879256536616024764e-01,7.051159225905346828e-01,2.450264566830311075e-01,6.200777465030371527e-01,5.635075361438578456e-01,3.517497837358316115e+00
2.506886934607819861e-01,1.360455195420736951e-01,2.797586406434227069e-01,6.352357072023799844e-01,5.472312703583065430e-01,2.121297047182318096e-01,2.362469273783736057e-01,7.232312247353557266e-01,3.161246712031564599e+00
1.487926441849805881e-01,2.699673237801730047e-02,1.250360458447805079e-01,8.117333625681784071e-01,6.472504311170726998e-01,3.588944212413099910e-01,7.626320978838150300e-01,4.064688528015095170e-01,3.317815772723105017e+00
3.853715782690089187e-01,3.669567957129079017e-01,3.536369546147005161e-01,9.130166984053600387e-01,5.046943858976818964e-01,4.604324477033721053e-01,2.007631589323002896e-01,6.138909151194039682e-01,3.122364924487357030e+00
1.624675810820571109e-01,5.735181567950986548e-01,1.466498589508430928e-01,4.454111483223625045e-01,5.972408507376895104e-01,2.565958453951679985e-01,5.249762263208337387e-01,3.678432139026682757e-01,3.387774361330014194e+00
5.687032032172388840e-01,7.162999582235166640e-01,7.081826935371767773e-01,8.548020844600644486e-01,5.449319793063808204e-01,9.366828890747304071e-01,6.917917452370829501e-02,9.699740454413712243e-01,2.602689685444384171e+00
6.204658215180968162e-01,8.345763907926283531e-01,5.770246812965158512e-01,9.372642446520371706e-01,4.399310212684425236e-01,5.627667546069599069e-01,6.815271946571950512e-02,9.865655983508497817e-01,2.660259537265861063e+00
2.127972099644981074e-01,3.172182983169509751e-01,2.895066171949848832e-01,8.029631529404464008e-01,4.751868173979693077e-01,2.519792173247979994e-01,4.072315507815573166e-01,5.695271347555552754e-01,3.063390922027805718e+00
1.192034823645631014e-01,3.172182983169509751e-01,2.895066171949848832e-01,8.029631529404464008e-01,5.499137765855531823e-01,2.519792173247979994e-01,4.744231396631236053e-01,1.654607532977145912e-01,3.242592351485516833e+00
4.187406971574941239e-01,7.162999582235166640e-01,5.569869280599707428e-01,8.548020844600644486e-01,3.998850354474037805e-01,9.366828890747304071e-01,1.031134110814291988e-01,9.048089987749146079e-01,3.081909969795043391e+00
9.988304370403409960e-02,3.848820910128530198e-02,5.246741989413560014e-02,5.539356051005316361e-01,6.541483042728494235e-01,4.960075526087006081e-01,6.717154863349705796e-01,1.733876690693434974e-01,3.580737295494233141e+00
5.403178221233072565e-01,4.214352704769944169e-01,4.083428467048355048e-01,6.933386617659479390e-01,4.508526537650893173e-01,2.907575450812907025e-01,3.338748059251795963e-01,8.694628088818716627e-01,2.933856869835903769e+00
4.333602115684155875e-01,8.345763907926283531e-01,5.770246812965158512e-01,9.372642446520371706e-01,5.543207511017439471e-01,5.627667546069599069e-01,9.066636057695640072e-02,9.880645024242670216e-01,2.895911938271780173e+00
1.570850538552678033e-01,3.172182983169509751e-01,2.895066171949848832e-01,8.029631529404464008e-01,5.468480551829856262e-01,2.519792173247979994e-01,4.072315507815573166e-01,4.679161040082500111e-01,3.258096538021482136e+00
3.587345456084090056e-01,7.636476368187115060e-01,5.387118696653991901e-01,2.909011992667377977e-01,4.437631730216519133e-01,4.979584589788617066e-01,1.599968270890393951e-01,8.365606978026427498e-01,3.210843653170937007e+00
2.710958505291651832e-01,3.669567957129079017e-01,3.536369546147005161e-01,9.130166984053600387e-01,6.066296225330526370e-01,4.604324477033721053e-01,2.007631589323002896e-01,8.423730022319089183e-01,3.349904087274604869e+00
2.624329905367264737e-01,2.505124855791212024e-01,1.304699318954087028e-01,7.582941036067178953e-01,4.880245257712206852e-01,3.481199496471346078e-01,7.044784752771527936e-01,4.109457998879983975e-01,3.230804395733474443e+00
1.265660655339591878e-01,2.405970167140384086e-01,1.520030934450498916e-01,5.328739895727021558e-01,5.652423835983907408e-01,1.464860884774840943e-01,6.008860115919285594e-01,2.478493122325796105e-01,3.258096538021482136e+00
2.310137324337258879e-01,7.850863199975939566e-02,1.182543539678959990e-02,3.642743855969572953e-01,5.541291435140834887e-01,2.817265607188499943e-01,6.429069900350120603e-01,3.770250749090275910e-01,3.135494215929149675e+00
1.346217440529429987e-01,1.360455195420736951e-01,2.797586406434227069e-01,6.352357072023799844e-01,6.602797470779845357e-01,2.121297047182318096e-01,2.724991682586310193e-01,8.944556363553408662e-01,3.202746442938317006e+00
6.983722668426519675e-01,7.162999582235166640e-01,6.825178101438298395e-01,8.548020844600644486e-01,4.474037171872007890e-01,9.366828890747304071e-01,9.801991321236469545e-02,9.654157634790667686e-01,2.230014400159210375e+00
9.313445792222189989e-02,1.125148035640743949e-01,4.673105034499110133e-02,3.996074587092376951e-01,5.830618892508147022e-01,2.001966752222515966e-01,5.484326975289556261e-01,2.187795718833578096e-01,3.404525171754829937e+00
2.750766165614993985e-01,2.657035926097782164e-01,3.231150098378045010e-01,5.951582678270445070e-01,5.882352941176475225e-01,2.974938765771666938e-01,3.493526029961244728e-01,8.139198576085459047e-01,3.261935314328647806e+00
5.946839329899439308e-01,3.494491576512669950e-01,3.948596173412133870e-01,9.211445792887603679e-01,4.857252347192951847e-01,2.974938765771666938e-01,3.087851040881705034e-01,9.767845775582641998e-01,2.674148649426528745e+00
3.954636038098872097e-01,7.162999582235166640e-01,5.908873346782614888e-01,8.548020844600644486e-01,5.786549147346239930e-02,9.366828890747304071e-01,4.823072624745800008e-02,1.000000000000000000e+00,3.182211840496609323e+00
2.971029228914983111e-01,2.969196048498288776e-01,1.758498353994177033e-01,6.450834931587268173e-01,4.063996934278600870e-01,1.213951075146536968e-01,4.442995630944590046e-01,3.986006094681701084e-01,3.010620886047741696e+00
2.797070035194899051e-01,2.549970867683755138e-01,3.040061868901000053e-01,7.673392432097247973e-01,4.544931979306381931e-01,2.333635391574510887e-01,2.658104806624234095e-01,7.420084317659839668e-01,2.990719731730446806e+00
6.964468151544510321e-02,2.657035926097782164e-01,3.159788285561758725e-01,5.951582678270445070e-01,5.730982946924699784e-01,2.974938765771666938e-01,2.674255764124987000e-01,2.515981970814865076e-01,3.481240089335691845e+00
4.354366723537747008e-01,4.487052120442387992e-01,2.797586406434227069e-01,7.121976890172639907e-01,4.795937919141600725e-01,2.286718438327290104e-01,3.587199184766272086e-01,6.588144962395853232e-01,3.234749174024490692e+00
3.094476078829395127e-01,6.131823743686144468e-01,2.172945536967690883e-01,6.742298388182433877e-01,5.150411956313473150e-01,2.121297047182318096e-01,2.933563171000664882e-01,8.206653756409822975e-01,3.072693314690119415e+00
1.699695407517300139e-01,5.002355126843208710e-01,4.717922775760775012e-01,9.211445792887603679e-01,6.194673309063042366e-01,2.192424309127981863e-01,1.556428146559228898e-01,9.182368623113827955e-01,3.135494215929149675e+00
3.524255350461039799e-02,1.375035237499347973e-01,1.466498589508430928e-01,3.523017439308809839e-01,6.930446445679253609e-01,4.881774381862764023e-01,5.716022249990300175e-01,3.114899456981317094e-01,3.621670704420486331e+00
6.256712936670026926e-01,7.162999582235166640e-01,6.825178101438298395e-01,8.548020844600644486e-01,5.043111707223607576e-01,9.366828890747304071e-01,1.012054561209679987e-01,8.273795008057558409e-01,2.484906649788000355e+00
3.264906762877596846e-01,8.345763907926283531e-01,5.770246812965158512e-01,9.372642446520371706e-01,5.386089289135852498e-01,5.627667546069599069e-01,1.483765403318081932e-01,9.843143182463347518e-01,3.178053830347945752e+00
2.617644571415898014e-01,3.038619101720548832e-01,2.300056054463228972e-01,6.352357072023799844e-01,5.479977007089483765e-01,1.439965364517862001e-01,4.313807599038950724e-01,8.340625239474463992e-01,3.117949906278240313e+00
2.020346654619600002e-01,7.636476368187115060e-01,1.000000000000000000e+00,2.909011992667377977e-01,5.650507760107302824e-01,4.979584589788617066e-01,8.028565706825820103e-02,1.000000000000000000e+00,3.190476350346502787e+00
5.521218812683896804e-01,7.162999582235166640e-01,7.208459288029290812e-01,8.548020844600644486e-01,4.771028932745738915e-01,9.366828890747304071e-01,1.293471548865700871e-01,8.637588391324246828e-01,3.186352633162640835e+00
1.603169793806243082e-01,6.131823743686144468e-01,2.172945536967690883e-01,6.742298388182433877e-01,5.077601073002494525e-01,2.121297047182318096e-01,2.987986602988718099e-01,3.422875610652650891e-01,3.258096538021482136e+00
6.020973207732669419e-01,7.162999582235166640e-01,6.825178101438298395e-01,8.548020844600644486e-01,4.590917800344896937e-01,9.366828890747304071e-01,8.483563467256359514e-02,1.000000000000000000e+00,2.282382385676526404e+00
5.773259859480474043e-01,7.162999582235166640e-01,4.951476742421079824e-01,8.548020844600644486e-01,6.269400268250625574e-01,9.366828890747304071e-01,1.197616661578313063e-01,9.570213227368343789e-01,2.714694743820878831e+00
5.347944806108287930e-01,7.162999582235166640e-01,7.440724806604661623e-01,8.548020844600644486e-01,5.027783100210770906e-01,9.366828890747304071e-01,1.405614776972159974e-01,9.903099426299112329e-01,2.714694743820878831e+00
4.786535985748154864e-01,7.636476368187115060e-01,1.000000000000000000e+00,2.909011992667377977e-01,3.278405824870668228e-01,4.979584589788617066e-01,7.661788644184540364e-02,9.547234273093444523e-01,2.646174797384122535e+00
5.057271889002561416e-01,4.258173380320864898e-01,4.150374992788438133e-01,6.352357072023799844e-01,4.849588043686530736e-01,5.534167864243760837e-01,1.742725445495262038e-01,9.654157634790667686e-01,2.980618635743942590e+00
1.491541765865440072e-01,2.505124855791212024e-01,1.304699318954087028e-01,7.582941036067178953e-01,5.606438014945395176e-01,3.481199496471346078e-01,6.504037046662369814e-01,1.427617050385801001e-01,3.234749174024490692e+00
2.862961679349155242e-01,4.572927078809624901e-01,8.081204558809709781e-02,7.673392432097247973e-01,4.598582103851315273e-01,2.930064855848527050e-01,4.622203990621582825e-01,2.020859850641225919e-01,3.122364924487357030e+00
5.312582530147440252e-02,2.090489499810170015e-01,7.518749639421899722e-02,7.673392432097247973e-01,6.323050392795558361e-01,1.514523413708334931e-01,4.458713733278724112e-01,3.305199995682109870e-01,3.384390263345774308e+00
4.460686593609577977e-01,7.162999582235166640e-01,7.529071380352275744e-01,8.548020844600644486e-01,5.460816248323435707e-01,9.366828890747304071e-01,9.178780020701429732e-02,1.000000000000000000e+00,2.873564639579783808e+00
1.728172002815452912e-01,2.505124855791212024e-01,1.304699318954087028e-01,7.582941036067178953e-01,6.049051542441082896e-01,3.481199496471346078e-01,6.859109239463715424e-01,2.020859850641225919e-01,3.303216973301951409e+00
5.108001596940134892e-01,4.487052120442387992e-01,2.797586406434227069e-01,7.121976890172639907e-01,4.596666027974710134e-01,2.286718438327290104e-01,3.211638463503433960e-01,9.400844735224451743e-01,3.122364924487357030e+00
4.537771301069320334e-02,2.657035926097782164e-01,3.159788285561758725e-01,5.951582678270445070e-01,8.582103851312515852e-01,2.974938765771666938e-01,2.499346914566225875e-01,8.960533054454072888e-01,3.653252276470785098e+00
2.179762093309814963e-01,1.144904218678594043e-01,4.385428958942749755e-02,3.642743855969572953e-01,6.757999616784827746e-01,2.473477685931521897e-01,6.429069900350120603e-01,2.440906604125452906e-01,3.502549875922443157e+00
5.236839517600134775e-01,7.162999582235166640e-01,7.440724806604661623e-01,8.548020844600644486e-01,5.928338762214987456e-01,9.366828890747304071e-01,1.516656659127358087e-01,9.865655983508497817e-01,2.785011242238338180e+00
5.438966877180813064e-01,2.505124855791212024e-01,1.304699318954087028e-01,7.582941036067178953e-01,3.916459091780036816e-01,3.481199496471346078e-01,6.963511405731962478e-01,7.596670982624906809e-01,2.970414465569700901e+00
1.788498780411603983e-01,2.173456216439217936e-01,1.889296624434073923e-01,8.117333625681784071e-01,5.547039662770648638e-01,2.450264566830311075e-01,6.360132831444115231e-01,7.384506123527947441e-01,3.144152278672263989e+00
4.398761928564263179e-01,3.494491576512669950e-01,3.948596173412133870e-01,9.211445792887603679e-01,4.315002874113816889e-01,2.974938765771666938e-01,4.033556942312083726e-01,9.260776155285661559e-01,2.867898902044106357e+00
2.990591198568245956e-01,5.338401773510974557e-01,1.466498589508430928e-01,7.215355535966000433e-01,4.941559685763557974e-01,4.881774381862764023e-01,3.434152592893744971e-01,5.278836264131365752e-01,3.081909969795043391e+00
5.438966877180813064e-01,8.345763907926283531e-01,5.770246812965158512e-01,9.372642446520371706e-01,4.962636520406210061e-01,5.627667546069599069e-01,6.816524161013119698e-02,9.843143182463347518e-01,2.933856869835903769e+00
4.154383035711533001e-01,7.162999582235166640e-01,7.440724806604661623e-01,8.548020844600644486e-01,5.280705115922593729e-01,9.366828890747304071e-01,1.957972605300467017e-01,8.678354031358258558e-01,3.020424886144362553e+00
9.763702087225800685e-02,6.682271287120550296e-02,7.236697733184030423e-02,5.539356051005316361e-01,6.068212301207130954e-01,0.000000000000000000e+00,1.000000000000000000e+00,4.242938831489422857e-01,3.437207819185188473e+00
9.259783205086667968e-01,7.162999582235166640e-01,5.222707226038711958e-01,8.548020844600644486e-01,2.044452960337229952e-01,9.366828890747304071e-01,5.371778310626110220e-02,1.000000000000000000e+00,2.939161922065596677e+00
1.696131877695825074e-01,7.496205768122199409e-02,2.375788251511238014e-01,6.933386617659479390e-01,7.394136807817593970e-01,9.328147130573970214e-02,2.370157259432532915e-01,7.745088725431839016e-01,3.538056564379352675e+00
4.256213708408549956e-01,4.130323633884668832e-01,4.972522625670312002e-01,7.673392432097247973e-01,4.725043111707226129e-01,4.743716386612458757e-01,1.684670636042205072e-01,8.407147318873948727e-01,2.879198457298040026e+00
5.824214844650190681e-01,3.494491576512669950e-01,3.948596173412133870e-01,9.211445792887603679e-01,4.315002874113816889e-01,2.974938765771666938e-01,3.439014906680321060e-01,1.000000000000000000e+00,2.740840023925200875e+00
1.284008553538026065e-01,1.668344448461356877e-01,3.302160662129485780e-01,5.115003387801352330e-01,5.719486491665074501e-01,2.726386878908909073e-01,2.406980448203721867e-01,3.906892184821655900e-01,3.414442608412175950e+00
2.138344982351075008e-01,2.990926660241828849e-01,2.172945536967690883e-01,7.121976890172639907e-01,5.704157884652235611e-01,9.586001540751609706e-02,3.254028113959350765e-01,6.550452059416124184e-01,3.234749174024490692e+00
2.452878634158439097e-01,6.017551502939860048e-02,3.489830956084836733e-01,4.340958350945283151e-01,5.707990036405444778e-01,5.345330738780159630e-01,5.526722964629811052e-01,6.644500309090178858e-01,2.862200880929469005e+00
1.458971187957749938e-01,2.969196048498288776e-01,1.758498353994177033e-01,6.450834931587268173e-01,4.997125886185094790e-01,1.213951075146536968e-01,5.029582013271648444e-01,5.395243808072419656e-02,3.269568939183718825e+00
5.493853572292292098e-01,3.669567957129079017e-01,3.536369546147005161e-01,9.130166984053600387e-01,4.359072619275726757e-01,4.604324477033721053e-01,1.345227910078889977e-01,9.385348546399592262e-01,3.020424886144362553e+00
3.065333985275416895e-01,5.724405804664836062e-01,4.217012295598546734e-01,4.898052676808158923e-01,5.388005365012457082e-01,2.263202621533310921e-01,2.661380110757828876e-01,9.424057854325663675e-01,3.178053830347945752e+00
2.793767539951249046e-01,5.002355126843208710e-01,4.717922775760775012e-01,9.211445792887603679e-01,5.809542057865494380e-01,2.192424309127981863e-01,1.661757535097156124e-01,7.499815901425025411e-01,3.152736022363655799e+00
1.017520620259226988e-01,1.539254055760785056e-01,2.674803108649858041e-01,6.153361497646752110e-01,6.347959379191417950e-01,4.321434032719485008e-01,5.703296563816369069e-01,3.328812031081944123e-01,3.471966452550362181e+00
7.571869019472766693e-01,7.636476368187115060e-01,1.000000000000000000e+00,2.909011992667377977e-01,3.529411764705884247e-01,4.979584589788617066e-01,2.403288844796429985e-02,1.000000000000000000e+00,2.667228206581954808e+00
3.770616318580978787e-01,4.214352704769944169e-01,4.083428467048355048e-01,6.933386617659479390e-01,4.889825637095231992e-01,2.907575450812907025e-01,3.342184845202201271e-01,6.559884521608218000e-01,3.091042453358316067e+00
3.552917312075027922e-01,7.162999582235166640e-01,4.951476742421079824e-01,8.548020844600644486e-01,5.487641310595902100e-01,9.366828890747304071e-01,1.332545612208380914e-01,7.994800457503542512e-01,2.839078463508614369e+00
1.784957120786873075e-01,2.048826530479986030e-01,1.168466480314337003e-01,7.491918964994656038e-01,5.251963977773522751e-01,2.380400263669242011e-01,4.729861922924488149e-01,3.804532627579106929e-01,3.250374491927571885e+00
5.091111506727408198e-01,7.162999582235166640e-01,6.676445336622994775e-01,8.548020844600644486e-01,6.528070511592262148e-01,9.366828890747304071e-01,3.623374977119860063e-02,9.385348546399592262e-01,2.433613355400449763e+00
3.556050540539703042e-01,4.258173380320864898e-01,4.150374992788438133e-01,6.352357072023799844e-01,5.010538417321329652e-01,5.534167864243760837e-01,1.953043155977932099e-01,7.797109035672245003e-01,3.100092288878233848e+00
3.887434369057330974e-01,7.162999582235166640e-01,5.569869280599707428e-01,8.548020844600644486e-01,5.112090438781379254e-01,9.366828890747304071e-01,1.031134110814291988e-01,9.079797583828583818e-01,3.109060958860994095e+00
2.664376982876267008e-01,4.214352704769944169e-01,4.083428467048355048e-01,6.933386617659479390e-01,5.759724085073772981e-01,2.907575450812907025e-01,2.919951979996661118e-01,9.024263474639208082e-01,3.210843653170937007e+00
4.392850455255211117e-01,1.630215716895138944e-01,6.220819562818558079e-01,6.012099243757090122e-02,6.616210001916079664e-01,1.977981791737349893e-01,1.251523101288410933e-01,8.808035357641254004e-01,3.456316680883234849e+00
1.738836251478109995e-01,2.990926660241828849e-01,2.172945536967690883e-01,7.121976890172639907e-01,5.133167273424031896e-01,9.586001540751609706e-02,3.780217669281374926e-01,1.865031688596016923e-01,3.265759410767051119e+00
7.923306104861568278e-01,7.636476368187115060e-01,1.000000000000000000e+00,2.909011992667377977e-01,3.113623299482661810e-01,4.979584589788617066e-01,5.064101168374279816e-02,9.531894611458073818e-01,2.933856869835903769e+00
4.569149395473123820e-01,8.345763907926283531e-01,5.770246812965158512e-01,9.372642446520371706e-01,5.499137765855531823e-01,5.627667546069599069e-01,8.606055924517019839e-02,9.910576467362504083e-01,2.944438979166440262e+00
5.347944806108287930e-01,7.162999582235166640e-01,7.440724806604661623e-01,8.548020844600644486e-01,5.679248898256373801e-01,9.366828890747304071e-01,1.611595947117119010e-01,8.960533054454072888e-01,2.714694743820878831e+00
7.802441627813424541e-01,7.636476368187115060e-01,1.000000000000000000e+00,2.909011992667377977e-01,4.922398926997512136e-01,4.979584589788617066e-01,3.656657206722860320e-02,1.000000000000000000e+00,2.694627180770068797e+00
3.258511837946255207e-01,7.636476368187115060e-01,5.387118696653991901e-01,2.909011992667377977e-01,5.284537267675802896e-01,4.979584589788617066e-01,1.211866576086655933e-01,9.707323608548296123e-01,3.210843653170937007e+00
2.093341861200312959e-01,2.260517639220435970e-01,5.818107108852919873e-02,5.115003387801352330e-01,5.276872964169384561e-01,2.657850168498285814e-01,6.437390837911539654e-01,5.258211599562442329e-01,3.148453360571655146e+00
2.093341861200312959e-01,2.657035926097782164e-01,3.231150098378045010e-01,5.951582678270445070e-01,5.857443954780613415e-01,2.974938765771666938e-01,2.561477061829531832e-01,8.498117213004987569e-01,3.437207819185188473e+00
4.348437027437463964e-01,7.162999582235166640e-01,8.417164049930836445e-01,8.548020844600644486e-01,4.295842115347771051e-01,9.366828890747304071e-01,9.741877237886749363e-02,9.158763026777517746e-01,2.879198457298040026e+00
7.688389009638180172e-02,3.066304957578709980e-02,7.518749639421899722e-02,3.402289116303061078e-01,6.236826978348345429e-01,1.784652930085532940e-01,7.260121739032486810e-01,4.722066500431109093e-01,3.484312288372661826e+00
2.600917670517329250e-01,1.277555471983727042e-01,2.070444570030119114e-01,5.434432312828890721e-01,4.949223989269977975e-01,5.496597659654831602e-01,5.170351853418769794e-01,3.804532627579106929e-01,3.034952986707272427e+00
3.184765736840652894e-01,4.487052120442387992e-01,2.797586406434227069e-01,7.121976890172639907e-01,4.464456792488984971e-01,2.286718438327290104e-01,3.283229616709347765e-01,2.627867541224503944e-01,3.161246712031564599e+00
4.033654712705783130e-01,4.130323633884668832e-01,4.972522625670312002e-01,7.673392432097247973e-01,4.531519448170149844e-01,4.743716386612458757e-01,1.547940179282407125e-01,4.945250294667056790e-01,3.238678452164380328e+00
3.534103637934524755e-01,5.338401773510974557e-01,1.466498589508430928e-01,7.215355535966000433e-01,5.207894232611615104e-01,4.881774381862764023e-01,3.394468701652810783e-01,7.969167728683735907e-01,3.044522437723423014e+00
9.087789587579039874e-02,1.135029508909854989e-01,1.223114085082448038e-01,6.838158876474416115e-01,5.813374209618703548e-01,1.687008222930103107e-01,4.730240250390094769e-01,2.565816045957421965e-01,3.459466289786131021e+00
3.546648812993620226e-01,4.130323633884668832e-01,4.972522625670312002e-01,7.673392432097247973e-01,4.111898831193717130e-01,4.743716386612458757e-01,1.547940179282407125e-01,6.100022468866416192e-01,3.126760535960395160e+00
4.009387338760381780e-01,5.724405804664836062e-01,4.217012295598546734e-01,4.898052676808158923e-01,4.458708564859171775e-01,2.263202621533310921e-01,2.384519469751502918e-01,6.293416120950794390e-01,3.190476350346502787e+00
5.014860441284486603e-01,7.162999582235166640e-01,7.440724806604661623e-01,8.548020844600644486e-01,4.550680206936196237e-01,9.366828890747304071e-01,2.009230649618556075e-01,8.456838356778221266e-01,2.674148649426528745e+00
5.794736529481454568e-01,7.162999582235166640e-01,7.081826935371767773e-01,8.548020844600644486e-01,3.425943667369230061e-01,9.366828890747304071e-01,7.242896762595429916e-02,9.699740454413712243e-01,2.230014400159210375e+00
4.504756326713548198e-01,7.162999582235166640e-01,7.081826935371767773e-01,8.548020844600644486e-01,5.043111707223607576e-01,9.366828890747304071e-01,8.342382592888250570e-02,9.439512542904695547e-01,2.694627180770068797e+00
4.872581670689919986e-01,7.162999582235166640e-01,7.911494866493632427e-01,8.548020844600644486e-01,5.154244108066682317e-01,9.366828890747304071e-01,1.329672600011282957e-01,9.745179705863191710e-01,2.610069792742006456e+00
3.832217395984426900e-01,5.349754849262480100e-02,0.000000000000000000e+00,6.742298388182433877e-01,5.114006514657983837e-01,1.415026809632284055e-01,7.854400690814022923e-01,3.724414490013154833e-01,3.049273040482020747e+00
3.032884690423852114e-01,5.735181567950986548e-01,1.466498589508430928e-01,4.454111483223625045e-01,4.690553745928341955e-01,2.565958453951679985e-01,4.826015553230763033e-01,4.913577503880224850e-01,3.122364924487357030e+00
1.095756049837500051e-01,8.909634188485800188e-02,2.773113202246795805e-01,6.352357072023799844e-01,6.886376700517343741e-01,1.642554791311109930e-02,1.919179350118682958e-01,9.408586592350880462e-01,3.660994250624399982e+00
5.941529447465966340e-01,7.162999582235166640e-01,7.081826935371767773e-01,8.548020844600644486e-01,5.330523088714315127e-01,9.366828890747304071e-01,5.627044350383460236e-02,1.000000000000000000e+00,2.104134154270207446e+00
4.846821807942889859e-01,7.162999582235166640e-01,7.081826935371767773e-01,8.548020844600644486e-01,4.456792488982564970e-01,9.366828890747304071e-01,8.229586335937720543e-02,9.600795009691776016e-01,2.617395832834079172e+00
1.269332102212412106e-01,7.162999582235166640e-01,7.529071380352275744e-01,8.548020844600644486e-01,1.000000000000000000e+00,9.366828890747304071e-01,9.741877237886749363e-02,8.670210113327220247e-01,3.131136910560194053e+00
2.117591753537806099e-01,3.669567957129079017e-01,3.536369546147005161e-01,9.130166984053600387e-01,6.169764322667180556e-01,4.604324477033721053e-01,2.096793613922950938e-01,7.692880162753877871e-01,3.314186004672525776e+00
4.214370441925963107e-01,7.162999582235166640e-01,8.417164049930836445e-01,8.548020844600644486e-01,5.154244108066682317e-01,9.366828890747304071e-01,1.445930655410682941e-01,9.323196806080735755e-01,3.039749158970765031e+00
2.938366886666550770e-01,1.668344448461356877e-01,3.302160662129485780e-01,5.115003387801352330e-01,4.711630580570991822e-01,2.726386878908909073e-01,2.869037448861289086e-01,5.422389193902066307e-01,3.186352633162640835e+00
6.605789787700334648e-01,7.162999582235166640e-01,7.911494866493632427e-01,8.548020844600644486e-01,3.958612761065339880e-01,9.366828890747304071e-01,8.664172521549530492e-02,9.539566481040028245e-01,2.624668592163159175e+00
3.000362245612178125e-01,4.258173380320864898e-01,4.150374992788438133e-01,6.352357072023799844e-01,4.713546656447596961e-01,5.534167864243760837e-01,1.972865356421711902e-01,8.645750739722392053e-01,3.005682604407159175e+00
3.347783860131657852e-01,2.081241454359586962e-01,1.223114085082448038e-01,5.115003387801352330e-01,6.392029124353327818e-01,2.817265607188499943e-01,5.588524778112002878e-01,6.129197302689358695e-01,3.135494215929149675e+00
4.238295738302939042e-01,9.430530804536352285e-01,4.888154254183912917e-01,7.582941036067178953e-01,4.680973366545316816e-01,2.750611016034599891e-03,1.328954257556624885e-01,8.767635022058024585e-01,3.058707072715380004e+00
6.241116232006245212e-01,2.657035926097782164e-01,3.231150098378045010e-01,5.951582678270445070e-01,4.987545506802071871e-01,2.974938765771666938e-01,2.313012349003628065e-01,9.338759860889733755e-01,3.122364924487357030e+00
2.069051139199200862e-01,7.496205768122199409e-02,2.375788251511238014e-01,6.933386617659479390e-01,6.300057482276301135e-01,9.328147130573970214e-02,2.462869703388848031e-01,7.605443832034116669e-01,3.374168709274235844e+00
1.731727628319313927e-01,1.471860771472741081e-01,2.063133277213060127e-02,4.898052676808158923e-01,4.880245257712206852e-01,3.153051526936272997e-01,7.953909072981809603e-01,3.781687095633567974e-01,3.131136910560194053e+00
2.234800597483183049e-01,2.201006098284583046e-01,3.419740370891206083e-01,8.548020844600644486e-01,4.744203870473271967e-01,9.843395907134250278e-02,5.272461991131747183e-01,4.064688528015095170e-01,3.095577608523707447e+00
1.974973360823069901e-01,1.630215716895138944e-01,6.220819562818558079e-01,6.012099243757090122e-02,7.585744395478063451e-01,1.977981791737349893e-01,1.259826313070120940e-01,9.190228579946155829e-01,3.786459782452800127e+00
3.019884508954963076e-01,4.214352704769944169e-01,4.083428467048355048e-01,6.933386617659479390e-01,5.405250047901898336e-01,2.907575450812907025e-01,2.844913909017487974e-01,7.330973778585880840e-01,3.182211840496609323e+00
3.084768586879267915e-01,2.201006098284583046e-01,3.419740370891206083e-01,8.548020844600644486e-01,4.472121095995403861e-01,9.843395907134250278e-02,4.931142858746079827e-01,6.635123025426341581e-01,2.970414465569700901e+00
4.812403619668993993e-01,7.162999582235166640e-01,7.440724806604661623e-01,8.548020844600644486e-01,5.250047901896918168e-01,9.366828890747304071e-01,2.013684240389354008e-01,8.735233098479675551e-01,2.766319109226186068e+00
2.459640738996972942e-01,2.608063049416766144e-01,1.358834280817730056e-01,4.566384037456167055e-01,5.621766621958231847e-01,3.459553655338117872e-01,4.815676819490730121e-01,2.136636266610373036e-01,3.310543013394025014e+00
5.194953442279461875e-01,9.430530804536352285e-01,4.888154254183912917e-01,7.582941036067178953e-01,4.441463881969727745e-01,2.750611016034599891e-03,1.098322819049100951e-01,9.684562177991179466e-01,2.985681937700489730e+00
9.800197115590916219e-01,7.162999582235166640e-01,7.081826935371767773e-01,8.548020844600644486e-01,1.835600689787315887e-01,9.366828890747304071e-01,6.684982264957789466e-02,1.000000000000000000e+00,2.079441541679836192e+00
5.976008801190685338e-01,3.380810071606720757e-01,3.628998759436684041e-01,3.523017439308809839e-01,5.395669668518875417e-01,3.064270013471743770e-01,5.597968190742340644e-01,9.570213227368343789e-01,2.772588722239781145e+00
2.892515019302405177e-01,1.277555471983727042e-01,2.070444570030119114e-01,5.434432312828890721e-01,4.420387047327077878e-01,5.496597659654831602e-01,4.552760166871199776e-01,3.054912050766885878e-01,3.010620886047741696e+00
4.395806494689564747e-01,1.644525802785438973e-01,7.236697733184030423e-02,9.292269255866190125e-01,4.458708564859171775e-01,6.212130269905170588e-01,6.439491326008351946e-01,5.463143318203239618e-01,2.990719731730446806e+00
5.727515503902663729e-01,7.162999582235166640e-01,7.911494866493632427e-01,8.548020844600644486e-01,5.451235868940412788e-01,9.366828890747304071e-01,1.169679829651172065e-01,9.790476290668331805e-01,2.895911938271780173e+00
6.809752166081172176e-01,7.162999582235166640e-01,6.676445336622994775e-01,8.548020844600644486e-01,5.401417896148691389e-01,9.366828890747304071e-01,3.233658117813650174e-02,9.714902778887511969e-01,2.646174797384122535e+00
6.926792019032209646e-01,8.345763907926283531e-01,5.770246812965158512e-01,9.372642446520371706e-01,5.006706265568120484e-01,5.627667546069599069e-01,6.103510403534730122e-02,9.516538622345823706e-01,2.708050201102210064e+00
5.545803227168423222e-01,7.162999582235166640e-01,7.911494866493632427e-01,8.548020844600644486e-01,5.602605863192186009e-01,9.366828890747304071e-01,1.064340784451082017e-01,1.000000000000000000e+00,2.797281334830152844e+00
3.537240954552061112e-01,3.494491576512669950e-01,3.948596173412133870e-01,9.211445792887603679e-01,5.964744203870476769e-01,2.974938765771666938e-01,3.586994425187385871e-01,9.024263474639208082e-01,3.091042453358316067e+00
3.730434106142165862e-01,8.345763907926283531e-01,5.770246812965158512e-01,9.372642446520371706e-01,5.550871814523857806e-01,5.627667546069599069e-01,1.234179250717489934e-01,9.918049635314579726e-01,3.005682604407159175e+00
3.899676160550351045e-01,2.173456216439217936e-01,1.889296624434073923e-01,8.117333625681784071e-01,4.177045410998277974e-01,2.450264566830311075e-01,6.360048354382118463e-01,7.241309410357280596e-01,2.980618635743942590e+00
4.754856872410921920e-01,4.487052120442387992e-01,2.797586406434227069e-01,7.121976890172639907e-01,4.303506418854188831e-01,2.286718438327290104e-01,2.973785744037741874e-01,6.080539750971198920e-01,3.152736022363655799e+00
2.987332711731380819e-01,3.494491576512669950e-01,3.948596173412133870e-01,9.211445792887603679e-01,4.857252347192951847e-01,2.974938765771666938e-01,3.813414517632363054e-01,8.799964336222982908e-01,2.954910279033736042e+00
3.988119849837440944e-01,7.162999582235166640e-01,6.676445336622994775e-01,8.548020844600644486e-01,7.189116689020887963e-01,9.366828890747304071e-01,2.334843979894120000e-02,9.843143182463347518e-01,2.772588722239781145e+00
5.938873773200041839e-01,7.162999582235166640e-01,7.081826935371767773e-01,8.548020844600644486e-01,5.447403717187203620e-01,9.366828890747304071e-01,6.444137900347969572e-02,1.000000000000000000e+00,2.572612230207105721e+00
1.066002081242346938e-01,7.800251200127310269e-02,4.385428958942749755e-02,3.033921434499347036e-01,6.667944050584407867e-01,4.074461660734193802e-01,6.860170065641836290e-01,1.018120768593158976e-01,3.401197381662155461e+00
6.198501371704340235e-02,2.090489499810170015e-01,7.518749639421899722e-02,7.673392432097247973e-01,6.872964169381111654e-01,1.514523413708334931e-01,4.458713733278724112e-01,3.281549252010197981e-01,3.645449896186600203e+00
1.305995274190110134e-01,1.375035237499347973e-01,1.466498589508430928e-01,3.523017439308809839e-01,6.943858976815485695e-01,4.881774381862764023e-01,3.918653757216741806e-01,4.549673704926994744e-01,3.580737295494233141e+00
1.173569506381586941e-01,1.125148035640743949e-01,4.673105034499110133e-02,3.996074587092376951e-01,6.206169764322669868e-01,2.001966752222515966e-01,5.484326975289556261e-01,1.004268678802247988e-01,3.468856030135970325e+00
6.157647835540173142e-01,4.130323633884668832e-01,4.972522625670312002e-01,7.673392432097247973e-01,3.504502778310021882e-01,4.743716386612458757e-01,2.031370831312220016e-01,7.831685326419957072e-01,3.030133700271323782e+00
1.749492623063604035e-01,4.108719204319929985e-02,5.532707403337609742e-02,0.000000000000000000e+00,7.114389729833304754e-01,3.459553655338117872e-01,6.430499089554212455e-01,4.484491589187314942e-01,3.572345637857984979e+00
3.699448375998837801e-01,2.505124855791212024e-01,1.304699318954087028e-01,7.582941036067178953e-01,3.893466181260779035e-01,3.481199496471346078e-01,6.963511405731962478e-01,8.139198576085459047e-01,2.923161580719156216e+00
2.020346654619600002e-01,5.735181567950986548e-01,1.466498589508430928e-01,4.454111483223625045e-01,5.725234719294888253e-01,2.565958453951679985e-01,5.249762263208337387e-01,5.804982525765584045e-01,3.335769576339699949e+00
1.010047452307152038e-01,7.636476368187115060e-01,5.387118696653991901e-01,2.909011992667377977e-01,6.480168614677143113e-01,4.979584589788617066e-01,9.405266669885330166e-02,9.805543603169879496e-01,3.744787086052232095e+00
4.803786227431365852e-01,2.969196048498288776e-01,1.758498353994177033e-01,6.450834931587268173e-01,3.910710864150223065e-01,1.213951075146536968e-01,5.365439827067775003e-01,6.858512527227870192e-01,3.015534900850170619e+00
2.159068400435175117e-01,4.988887579235919828e-02,7.518749639421899722e-02,6.838158876474416115e-01,4.451044261352752884e-01,5.134714583501863716e-01,9.039109790556801860e-01,2.149443147530288034e-01,2.975529566236471801e+00
6.882080360076644476e-01,4.487052120442387992e-01,2.797586406434227069e-01,7.121976890172639907e-01,3.531327840582488831e-01,2.286718438327290104e-01,2.987026083429702994e-01,9.127228696388773876e-01,3.010620886047741696e+00
4.187406971574941239e-01,7.636476368187115060e-01,1.000000000000000000e+00,2.909011992667377977e-01,4.907070319984673246e-01,4.979584589788617066e-01,6.180253183812280116e-02,9.798011913931270467e-01,3.113515309210374227e+00
9.913475787766909408e-02,4.214352704769944169e-01,4.083428467048355048e-01,6.933386617659479390e-01,5.890017244682891340e-01,2.907575450812907025e-01,2.611295975174853790e-01,8.637588391324246828e-01,3.169685580677429115e+00
6.083254790614670005e-02,2.750070474998697057e-01,1.732195793547456897e-01,6.153361497646752110e-01,6.125694577505272909e-01,1.735913186400820929e-01,3.420798665733693067e-01,3.884208295857666249e-01,3.508555899982654491e+00
4.484207202705819961e-01,4.130323633884668832e-01,4.972522625670312002e-01,7.673392432097247973e-01,3.847480360222266804e-01,4.743716386612458757e-01,1.569386239233022118e-01,7.883394881451539771e-01,2.917770732084278951e+00
6.709390367195395832e-01,7.162999582235166640e-01,5.569869280599707428e-01,8.548020844600644486e-01,4.870664878329183933e-01,9.366828890747304071e-01,1.117167197839177006e-01,8.848322874491824086e-01,2.667228206581954808e+00
8.181618563861249582e-02,4.108719204319929985e-02,5.532707403337609742e-02,0.000000000000000000e+00,7.139298716229166564e-01,3.459553655338117872e-01,6.430499089554212455e-01,4.019779696704903205e-01,3.535145354171894017e+00
3.430187579468568226e-01,7.636476368187115060e-01,5.387118696653991901e-01,2.909011992667377977e-01,4.393561985054610930e-01,4.979584589788617066e-01,1.595385096840251926e-01,9.377594205762014301e-01,3.165475048141085601e+00
1.806194048677955133e-01,5.338401773510974557e-01,1.466498589508430928e-01,7.215355535966000433e-01,5.196397777351985381e-01,4.881774381862764023e-01,3.599786316937901853e-01,4.533930777601610090e-02,3.222867846137738468e+00
8.146093973909761532e-01,7.636476368187115060e-01,1.000000000000000000e+00,2.909011992667377977e-01,2.571373826403526852e-01,4.979584589788617066e-01,2.716687019160169900e-02,9.835631101893261841e-01,2.549445170925571436e+00
2.584171353594786891e-01,1.668344448461356877e-01,3.302160662129485780e-01,5.115003387801352330e-01,5.470396627706460846e-01,2.726386878908909073e-01,1.856638414381308055e-01,8.767635022058024585e-01,3.202746442938317006e+00
1.595993991415634028e-01,1.105364761496654968e-01,1.679446373140714988e-01,6.548645139513123992e-01,7.386472504311175635e-01,2.263202621533310921e-01,2.804654182205905122e-01,6.904619790533879087e-01,3.532225644068560211e+00
3.960729787042222005e-01,1.000000000000000000e+00,5.468627107862634729e-01,8.462905846045470915e-01,4.640735773136617781e-01,1.000000000000000000e+00,1.223811164373181937e-01,8.719004806094858839e-01,3.049273040482020747e+00
2.391876638794259990e-01,3.494491576512669950e-01,3.948596173412133870e-01,9.211445792887603679e-01,4.355240467522514813e-01,2.974938765771666938e-01,3.850355744493633159e-01,6.341362161786316953e-01,3.039749158970765031e+00
2.037759994583850931e-01,2.969196048498288776e-01,1.758498353994177033e-01,6.450834931587268173e-01,5.077601073002494525e-01,1.213951075146536968e-01,5.029582013271648444e-01,5.252048258759239863e-02,3.246490991901174183e+00
8.448310958270671689e-01,7.162999582235166640e-01,7.208459288029290812e-01,8.548020844600644486e-01,1.546273232420004862e-01,9.366828890747304071e-01,3.917528582330159770e-02,9.330980432063386010e-01,2.282382385676526404e+00
3.829143581035355792e-01,4.130323633884668832e-01,4.972522625670312002e-01,7.673392432097247973e-01,4.709714504694387793e-01,4.743716386612458757e-01,1.580214986071011019e-01,7.160132232330393975e-01,3.100092288878233848e+00
1.834461410959311034e-01,2.173456216439217936e-01,1.889296624434073923e-01,8.117333625681784071e-01,4.951140065146580893e-01,2.450264566830311075e-01,6.849558292069003462e-01,3.457991937302256069e-01,3.190476350346502787e+00
4.351402180137016185e-01,7.162999582235166640e-01,7.440724806604661623e-01,8.548020844600644486e-01,5.393753592642273054e-01,9.366828890747304071e-01,1.764929611248277908e-01,9.111435645650297621e-01,2.928523523860540934e+00
3.552917312075027922e-01,7.636476368187115060e-01,5.387118696653991901e-01,2.909011992667377977e-01,4.443379957846332884e-01,4.979584589788617066e-01,1.556192437109918947e-01,9.798011913931270467e-01,3.000719815065030271e+00
7.574326936950979972e-02,2.657035926097782164e-01,3.159788285561758725e-01,5.951582678270445070e-01,7.903812990994446563e-01,2.974938765771666938e-01,2.674255764124987000e-01,1.956135873043151063e-01,3.864931397894296072e+00
1.855625645183572869e-01,1.668344448461356877e-01,3.302160662129485780e-01,5.115003387801352330e-01,6.321134316918953777e-01,2.726386878908909073e-01,2.163842098124282021e-01,7.960613355228899346e-01,3.430756183903699519e+00
8.484308429083059488e-02,2.750070474998697057e-01,1.732195793547456897e-01,6.153361497646752110e-01,6.255987737114393488e-01,1.735913186400820929e-01,4.211912066444792879e-01,3.269709324871402090e-01,3.529297384289471040e+00
2.550620291010982088e-01,5.338401773510974557e-01,1.466498589508430928e-01,7.215355535966000433e-01,5.221306763747847191e-01,4.881774381862764023e-01,3.854376325553408034e-01,5.196160104295360904e-01,3.109060958860994095e+00
8.200689877887651358e-01,7.636476368187115060e-01,1.000000000000000000e+00,2.909011992667377977e-01,2.615443571565435055e-01,4.979584589788617066e-01,4.189406535423349787e-02,9.676967047303052238e-01,2.747270914255491192e+00
4.196400395497693059e-01,7.162999582235166640e-01,6.374299206152919117e-01,8.548020844600644486e-01,4.211534776777162148e-01,9.366828890747304071e-01,2.333686539304669905e-01,5.524059455472055680e-01,3.039749158970765031e+00
2.597569961856550091e-01,5.002355126843208710e-01,4.717922775760775012e-01,9.211445792887603679e-01,4.903238168231464078e-01,2.192424309127981863e-01,1.436426735166529967e-01,8.156091962569471665e-01,3.072693314690119415e+00
2.265667732443663041e-01,1.630215716895138944e-01,6.220819562818558079e-01,6.012099243757090122e-02,6.984096570224186395e-01,1.977981791737349893e-01,1.005321776125741029e-01,9.362073009634606091e-01,3.624340932976365171e+00
3.677718699408388803e-01,3.380810071606720757e-01,3.628998759436684041e-01,3.523017439308809839e-01,4.696301973558155152e-01,3.064270013471743770e-01,4.880219485508484056e-01,7.277242057597362868e-01,3.173878458937465119e+00
3.581091901409281797e-01,7.636476368187115060e-01,1.000000000000000000e+00,2.909011992667377977e-01,2.780226096953439807e-01,4.979584589788617066e-01,6.082115795633979971e-02,9.079797583828583818e-01,2.791165107812716872e+00
2.248527478070518060e-01,2.657035926097782164e-01,3.231150098378045010e-01,5.951582678270445070e-01,6.064380149453921787e-01,2.974938765771666938e-01,2.973037943057458277e-01,7.268267282559014442e-01,3.401197381662155461e+00
2.879387674985489087e-01,2.657035926097782164e-01,3.231150098378045010e-01,5.951582678270445070e-01,6.357539758574443090e-01,2.974938765771666938e-01,2.561477061829531832e-01,8.240263440588687649e-01,3.349904087274604869e+00
6.236896449532790265e-02,1.105364761496654968e-01,1.679446373140714988e-01,6.548645139513123992e-01,8.160567158459480774e-01,2.263202621533310921e-01,2.804654182205905122e-01,4.331244848025623262e-01,3.802208139420939936e+00
4.460060820284449806e-02,1.524839116600950895e-01,2.647221136119099968e-02,4.340958350945283151e-01,7.459283387622149819e-01,1.489713518670784942e-01,5.588524778112002878e-01,4.031020017031108904e-01,3.806662489770320068e+00
1.932963283842605018e-01,2.260517639220435970e-01,5.818107108852919873e-02,5.115003387801352330e-01,5.073768921249283137e-01,2.657850168498285814e-01,6.437390837911539654e-01,3.701441634189420737e-01,3.186352633162640835e+00
